flightid,origem,destino,dt_dep,dt_arr
e4fbd9991b8904e5ce02c2e2fcb05aba,SBGR,SBGL,1683824108000,1683826412000
6ec27a02a63d1d7ee3a8f362fc66ff65,SBRJ,SBCT,1683821193000,1683825359000
b612f8608226b02f7e932b86a46bf534,SBPA,SBSP,1683820644000,1683825225000
4cf1448f0f51d514a54297649e48df46,SBRJ,SBSP,1683821574000,1683825081000
d4be54e8f8227bf32273b36661863247,SBRF,SBSP,1683814798000,1683825831000
5d45a9542bd7300e7e219b2e2207800b,SBRJ,SBSP,1683822958000,1683825969000
66067f23bb61615e591e20d5788eaa2e,SBBR,SBSP,1683821373000,1683826676000
c596fb92c15373950ec3e5b78da9a56c,SBSV,SBSP,1683818712000,1683827181000
b95d13ac74dcbb501ca1f45fbd3fe178,SBCT,SBSP,1683823726000,1683826824000
20897e284a63ba4f674a47b22720e4a2,SBGR,SBCF,1683823380000,1683826291000
f77d744309864d72abfeba5ef37f9ab0,SBSP,SBCF,1683823194000,1683826603000
3b6b848fd4deebc237ee49ecc4115c6d,SBSP,SBCF,1683825177000,1683828359000
b423961ae3f8141a4f78ba46f65504c0,SBRJ,SBCF,1683825740000,1683828219000
10bb80fc170637ec0b2aeed1c9340638,SBRF,SBCF,1683820786000,1683829492000
7e06ab79f31bb35d67971abdb40016c7,SBCF,SBSP,1683824555000,1683828410000
3e374900686bccd1742da986f3076913,SBRF,SBSP,1683817856000,1683828938000
d4cde8f399294356a2b800946ef95a58,SBCT,SBSP,1683826478000,1683829419000
d27c86128fcd0324027a07388ba45e8d,SBBR,SBSP,1683824613000,1683829684000
f5efed793d44ecc8e03b748b8383c665,SBPA,SBSP,1683825149000,1683829832000
dd3a110bab9fb18084c6ec6cd45690e2,SBCT,SBSP,1683826573000,1683829543000
e33dc147cc096985fb25ccd9f348737d,SBBR,SBSP,1683825706000,1683830285000
563e5844142076c0f7e7ed164d474c0d,SBPA,SBSP,1683826099000,1683830475000
c191f7df567e271961edf6a856c3128e,SBCF,SBSP,1683827376000,1683831100000
f7a3987b1c542f2a0d70a8abac79dea2,SBBR,SBCF,1683829261000,1683832634000
bbbcc72960fc04d488ce5a3bd630cdf3,SBRF,SBRJ,1683820327000,1683829510000
6283bc102bb42d0cf5dc9e5469c1005b,SBFL,SBRJ,1683825855000,1683829873000
26a2e00de48d0857d3581a412d534523,SBSP,SBRJ,1683828613000,1683830903000
d06507e23b1b630f11f0d822d9dcc5a6,SBBR,SBRJ,1683827596000,1683832267000
fc5dd13c29c1247e8a7dc086894e0c26,SBSP,SBRJ,1683829368000,1683831561000
a3fef2ab7fa6dfc521102d2a17b71645,SBCT,SBRJ,1683828651000,1683831974000
071ac2aa9a750bbeb82d218a624689f2,SBGR,SBRJ,1683830441000,1683832722000
f2fcbeeb88d724d2838d70ee5d3e87cc,SBGR,SBPA,1683827173000,1683832235000
b3b7f12a1efeb25728501533be73819c,SBGR,SBPA,1683829107000,1683834128000
b58068d1877b1e925d31295814011051,SBRF,SBKP,1683821683000,1683831787000
4ed59e771e583f75d6fc1be3e0dcb7f3,SBPA,SBKP,1683828068000,1683833030000
df31174bea325137ce0c25057b293d08,SBPA,SBKP,1683828068000,1683832328000
9ba33d34d7ca363fac69923502b1fb8c,SBGR,SBBR,1683828871000,1683834165000
52fd6139185d1421d8f5495133725188,SBRJ,SBBR,1683830139000,1683835425000
a7d57d09d1c55fb350d3acf4851a0dcc,SBBR,SBCF,1683831472000,1683834751000
2df9ab3622220d458b4e6cff4e2db8a1,SBSV,SBCF,1683829718000,1683835284000
7e2b980b95a56534d9e47f83f56e8ba4,SBKP,SBCF,1683833847000,1683836869000
c9ad6e6113a575c95697f3124bcd7414,SBGR,SBCF,1683834140000,1683837169000
ba3446b4e45b75d7fea07b77b228a7a4,SBSP,SBCF,1683836983000,1683840042000
cbc0eda89f51f4fbaabc5a87aa3d9c90,SBGR,SBRJ,1683835267000,1683837391000
8cea98995cbe4842ac58795be3547a1e,SBCT,SBRJ,1683833175000,1683836989000
e5831f109179cd8126ef6cce8191add7,SBGR,SBBR,1683832531000,1683837888000
832be084c7f366d8a5aa722301c71242,SBCF,SBBR,1683835595000,1683839128000
bab45b0f0617089012cdf4d5b1c9db26,SBKP,SBBR,1683834168000,1683838666000
c395c4165ec30b12fbe546dfe8b5045e,SBSP,SBBR,1683833149000,1683838549000
c45451199f8593689e9db1dcf3428537,SBGL,SBBR,1683833095000,1683838389000
1586ef137c0162d202377ac0d427d8dd,SBRJ,SBBR,1683834076000,1683839546000
7713847ecb430d19d527b81c4c0e8f87,SBSV,SBBR,1683833863000,1683839720000
9e4da41a8e67fe6f891fadf7317b33c5,SBRJ,SBBR,1683835026000,1683840028000
9ec793a2155e5ae8926030277e1a2521,SBSP,SBPA,1683833002000,1683837981000
29eab43d49d709a87105463076b6a83b,SBCT,SBPA,1683835003000,1683838194000
7360c112541c98df25b002b73a919833,SBCT,SBSP,1683836893000,1683839446000
994433ac2842260c2c540d4636cb1531,SBBR,SBSP,1683834741000,1683839330000
f2c9ab4becf352f22bd440a5057052e3,SBCT,SBSP,1683837454000,1683839989000
cd9837e4a8e7e942531eebfe638ee257,SBBR,SBSP,1683835602000,1683840239000
748abae4b034e9deffb911db48fc0f10,SBGR,SBCT,1683824519000,1683827301000
459ff3e59640e8de2e5449a44cb0d97f,SBRJ,SBBR,1683835546000,1683840836000
62a5f90dca3d1d6e6d434b6d02c6ee59,SBSP,SBBR,1683835691000,1683840677000
5a7e6e14592556da181c77cc033c738b,SBRF,SBBR,1683832855000,1683841746000
89a696409dc5e6b16e6e3aa1afbeb626,SBGR,SBBR,1683836113000,1683841258000
d61f8ae266f27b3725e3ed92f5c5b7c8,SBBR,SBFL,1683765563000,1683772482000
c01968f22b35d6f906d3499d89a4a77d,SBBR,SBKP,1683808422000,1683812845000
dc8944d1e7ee8fcd621b47952d1500aa,SBPA,SBSP,1683836588000,1683841937000
ab181bddd302b802edf1eb380d744dbf,SBSP,SBRJ,1683839530000,1683842471000
be1fa85ad970a19169e3bb1861431530,SBRF,SBBR,1683837141000,1683845500000
d830572ae567697dbd1a3b2c4d6c2eb6,SBPA,SBBR,1683837601000,1683845635000
5117fc4bea170c6e126e85dd38b4af9c,SBSP,SBBR,1683840993000,1683846364000
d6bdbaec48e827e25d353c7161dd0752,SBKP,SBBR,1683841026000,1683845992000
fdea38b12f30d0267db74938c1a100a4,SBGL,SBBR,1683841683000,1683846763000
77a372e5946f91bc24b3cb2ae6649834,SBKP,SBBR,1683841737000,1683846595000
165e3f70a3e83847d89962da02ef6e2a,SBPA,SBBR,1683839975000,1683847826000
a01cd82f337201f49169fc51e8af9307,SBCT,SBBR,1683841143000,1683847443000
e97075f25dd07e0fb6483c66af4d0d5d,SBRF,SBBR,1683839107000,1683847580000
38c833a4d34a527e67802692d23dfd0d,SBRJ,SBBR,1683841560000,1683847244000
4e338d4b05fe67cb4fc339b601d89fbb,SBGR,SBCF,1683840940000,1683844024000
dea62d5b7c16c58a4b8c7ed25f957aaf,SBSP,SBCF,1683841314000,1683844464000
18d2cb30e0711bdc44daa24a7c6e9582,SBSP,SBCF,1683843274000,1683846279000
9f0ee8c5c15ae71c406799e11cdcfd6d,SBRF,SBCF,1683838188000,1683846663000
94af798eed4bfbc960dc3b54a3ab15b1,SBGR,SBPA,1683844490000,1683849526000
f3df338b716debc576abaf7bf1026e61,SBKP,SBPA,1683844572000,1683849359000
afb463c884406050d9c521b0fbabd9cb,SBCF,SBKP,1683840183000,1683843211000
d2df9e0c279be136249d81c318f59204,SBSP,SBCT,1683844118000,1683846631000
87f33a653f51beefd45934917d05d1f0,SBGR,SBGL,1683822113000,1683824111000
ca6f12c20cf1093bb9a1bf2518add15d,SBKP,SBGL,1683823150000,1683825749000
8acac1c29c336dc8541a9a54a2571a87,SBRF,SBGL,1683815577000,1683825968000
901b9c0ed218a00bb5e5a03c97e032c1,SBSV,SBCF,1683815813000,1683821167000
bd5ec7683d61401daa4c0e00f30c9012,SBSP,SBCF,1683818307000,1683821419000
dd2ef4fea810270bf3e08a1102f9854c,SBSP,SBCT,1683810948000,1683813404000
6ef15f5796336d8f480dd34d9cd1df77,SBRJ,SBCT,1683808674000,1683812886000
93262adac070e62d4945ef3dee6d55fd,SBSP,SBRJ,1683822597000,1683824844000
62896d3fa6ff865cdc048fd3f4e35ced,SBSP,SBBR,1683817497000,1683822564000
2bc679063a78a0fe272b6d59fd5b9633,SBGR,SBBR,1683818432000,1683823350000
63585dfcc247ca8f6a3562c6c575de10,SBSP,SBBR,1683818691000,1683823612000
28935ff8c7c9f6312db18b1272d6304d,SBRJ,SBBR,1683818635000,1683823952000
7cccf6af29579b49a5d9662d2e073c46,SBSP,SBBR,1683819236000,1683824254000
4b576d763981efa5a6088e17638a76ee,SBCF,SBBR,1683820936000,1683825305000
bd409ba687faf7a75773c0f3f71673de,SBRJ,SBBR,1683820010000,1683825830000
4fcefd1923c2dfb6581c9a61f48721ec,SBSP,SBBR,1683817848000,1683823022000
4aee9315070ee456ac027d7c647e0f65,SBRJ,SBSP,1683823793000,1683827671000
b3f9a39930a0c2c4622de708fa37fe1d,SBCF,SBSP,1683823651000,1683827473000
b50885699f107421c2bacc27260c32c1,SBRJ,SBBR,1683822145000,1683827026000
7f72b8e123a047a5052fbae61cd08e5e,SBSP,SBBR,1683822961000,1683828223000
ff837459e2ce8b4ac815861ec61499ed,SBBR,SBKP,1683824527000,1683829232000
e1a33a540c824e7aa9cde753d2e76363,SBRJ,SBSP,1683825261000,1683828543000
b0f31e82bd89a2ca55267475885d9afe,SBRJ,SBSP,1683825470000,1683828695000
e0e7fa963d03e8bf3021e095d071233b,SBRJ,SBFL,1683828185000,1683832693000
cc1d904cb7ee49d957ccec14d58b490d,SBBR,SBSP,1683829561000,1683833975000
d87721e680d384d673b656338d37c0e3,SBRJ,SBSP,1683828934000,1683831917000
fbffd8227795490498ca00bf43b5e518,SBSP,SBCF,1683831191000,1683834390000
9627f6cfc254cfb0e5fd65fb7620c13a,SBSV,SBCF,1683829156000,1683834571000
c0291effcd554450ec6b9d29682fdc31,SBSV,SBSP,1683826860000,1683835320000
b3fa192fba5627cd39ed00b61b243344,SBCF,SBSP,1683832073000,1683835580000
e85e7795c06e2df04feb1596dd228fbd,SBRJ,SBSP,1683833241000,1683836013000
d73227a415311e4eeaaabe6123bca479,SBCF,SBSP,1683832274000,1683835797000
9c50d794477340f78ff8a70e94e408d3,SBRJ,SBSP,1683833287000,1683836237000
891a093c9b841a2905a44c564bf0c2d0,SBGR,SBFL,1683836200000,1683839722000
c4fdd18cdb7fcaa3e105678f2c8a5ae6,SBSP,SBFL,1683836310000,1683839415000
7bdc1edbb1b1edf5503ed6c942d53209,SBSP,SBFL,1683836720000,1683839995000
9278fa0a77609e1e03570a09ff311435,SBSV,SBKP,1683829607000,1683838103000
33969c9f095943cd2d0a581db7526f05,SBSP,SBCT,1683827105000,1683829823000
d18f77e026ee1b769e55e0a6f5844e29,SBGR,SBCT,1683828988000,1683831751000
5bfa768ee42dc2b859a071efe49b5af3,SBCT,SBRJ,1683837143000,1683840666000
8a83480d1a1c310d12b523459b46dd16,SBSP,SBRJ,1683838646000,1683841961000
6723ec58073df7a24763ee4ea66a89d8,SBSP,SBRJ,1683840304000,1683842652000
876b9f45ff70e477277eb89d1223baee,SBFL,SBPA,1683839543000,1683842189000
a3c5f59a6d2e31da877692618f158f00,SBSP,SBPA,1683837086000,1683842005000
e9e91328297a1190bf0abf9b6aed35c2,SBCT,SBPA,1683839923000,1683843065000
d54f42191978e7dc01d0f82528e4a169,SBRJ,SBPA,1683837151000,1683843636000
e8181c4d20f5f81e190be1e75f818013,SBSP,SBPA,1683839162000,1683844172000
e1209f6b48cda829aeb5233adca03779,SBSP,SBPA,1683838178000,1683842773000
dc7fd2860b6afae33a65348a3e784918,SBSP,SBPA,1683838802000,1683843392000
b9d10645446a625c419f7c2e1a3c3b60,SBCT,SBSP,1683793860000,1683796511000
486370148147f27ee2ae803240b82957,SBSP,SBCT,1683763906000,1683766570000
8cc45841f628bfd4706a1bdd9751be7b,SBSP,SBRJ,1683827243000,1683829703000
4c2344e81686b4c6f7990a22d0f90f73,SBPA,SBSP,1683836588000,1683841259000
0bf41ba0d0eaed77187510fc20e8930e,SBCF,SBRJ,1683841753000,1683844774000
31c63b9fa5d7bbc79a46db42c968fe33,SBKP,SBRJ,1683841991000,1683844628000
7e46e53b3feece6be9678c179ea4c1d0,SBFL,SBRJ,1683840529000,1683844425000
4997022613abbbdfc767fb25009b627e,SBSP,SBRJ,1683842771000,1683845214000
cb09ce3da941aae0ddd156830ac18420,SBSV,SBRJ,1683837628000,1683845058000
2c42d15018d5d581a793a10e74b02e85,SBKP,SBRJ,1683842847000,1683845700000
d400ccca12e92c03c76d3ef235742d86,SBCT,SBRJ,1683843101000,1683846557000
7385a583eb440347f2631cda098ce2a1,SBPA,SBRJ,1683840481000,1683846084000
55d34f99538a0454735623d5747b8223,SBSP,SBRJ,1683844741000,1683847143000
f056c1fde60dd027ff0ebd06f398b8c1,SBSP,SBRJ,1683844385000,1683846736000
e030386a9348db6aa28a0e663d855f6c,SBSP,SBFL,1683842973000,1683845922000
e980fe0a24baa844465adcd2418178b8,SBPA,SBSP,1683841651000,1683846233000
6aa1101f8d491456dea164ceef094642,SBCF,SBSP,1683843321000,1683847125000
be0cf3c5f08134b959b079e4db0b57ac,SBFL,SBSP,1683843291000,1683847036000
1b24c56f30df5fcecf1a4fcf759365f5,SBRJ,SBSP,1683843397000,1683846875000
49ca58f777db779c2532f2152999fcce,SBRJ,SBSP,1683844048000,1683847451000
13b4e3e3df97a408b4660cb0b5dc0731,SBBR,SBSP,1683842757000,1683848031000
7ba98bb0c07042debd5679d2add51078,SBBR,SBSP,1683842417000,1683847615000
ae2054159e395806e3165d600d549f82,SBSP,SBBR,1683843334000,1683848825000
43b8b96ad44032f0090ae908efee050c,SBCF,SBBR,1683845457000,1683848945000
a18d89cf5c7cbfb984fd3479f2b7fbdd,SBSP,SBBR,1683844252000,1683849189000
20f0b9ffa3363be16c45acb1023bcde2,SBSP,SBCT,1683832044000,1683834458000
799b54acb6216b7b2806cd51265b6221,SBSP,SBCT,1683831617000,1683834085000
530687f04732cc6e285824961a4e6c4e,SBSP,SBCT,1683832198000,1683834790000
f948d9d5ec17af967f4e096a3a156ebb,SBSP,SBCT,1683832432000,1683835102000
a8229242ece92269681a10f0d909d51d,SBPA,SBCT,1683832739000,1683835820000
62780fdc5113022e7b6e5a26237f308f,SBGR,SBGL,1683763221000,1683765303000
2d5bd821500667b4a9a8420411c2d263,SBPA,SBBR,1683840602000,1683848459000
95ee4b3286fd48590022bf4c2ecca0d7,SBBR,SBGL,1683806562000,1683811077000
7b7a82e7ec1d0615ff4809788b98da62,SBBR,SBRF,1683806211000,1683813671000
686884ffcbce090723b8ccddc6f43c13,SBBR,SBSV,1683806108000,1683811522000
cb7336d521eccef0155b46940cc2eb91,SBGR,SBSV,1683770945000,1683777809000
e10758820853b4e82f48112b32b1b4dd,SBFL,SBGR,1683843800000,1683847787000
f8302ba7919648534c990f933ea502f5,SBRJ,SBGR,1683798878000,1683801866000
c780f39f2d5eb7151d79b3da7dfa6a83,SBSV,SBRF,1683829886000,1683833492000
23159efd687cf193fa05f6bcd87aedba,SBRF,SBGR,1683811150000,1683821710000
5d615ff19217e9703a38b7251b1aab1b,SBGR,SBRF,1683805445000,1683814667000
0ab1fa41e03578a97c4e6b5e47a451dc,SBCF,SBRF,1683771863000,1683779080000
6351b384405260c9793f8bdd8fd62bc9,SBRJ,SBKP,1683804436000,1683807750000
b80d53e0b16b0c97d9fd875c75b0e6c1,SBSP,SBCF,1683806446000,1683809392000
0f3e2b43d5bd3cf5744cac98c3bfa748,SBKP,SBCF,1683807215000,1683809966000
6bd376a87fffa27f0b25013bf480c71e,SBBR,SBCF,1683807315000,1683810369000
afeaeb9b4969e72793036e6941210db2,SBBR,SBCF,1683807701000,1683810621000
253d38afbe6ed407a0cc5702955d4341,SBSP,SBCF,1683808489000,1683811674000
6941ab4ebeb41efa1608280cb5189054,SBSP,SBCF,1683808279000,1683811374000
b9c183d823202b5d18e23da9f9bb96fc,SBSP,SBBR,1683806142000,1683811195000
98c3339b918e69ab514293c427a734dd,SBSP,SBCT,1683805533000,1683808338000
cbaadde09c098194d130901457cf341c,SBSP,SBCT,1683805413000,1683808159000
2ddc736c961d1d040dd129b07ead2d5f,SBBR,SBCT,1683804049000,1683809731000
4a16f0afbe62d2ab2f6440094f71ea52,SBRJ,SBCT,1683805385000,1683809570000
a1a38a689b63a12a656b3a382ad27a4e,SBSP,SBCT,1683807454000,1683809963000
c50a0e9462f6727e7eee9eeb8617815e,SBKP,SBCT,1683807878000,1683810623000
6d6cb5bd7accfc910628e241d1e6270a,SBRJ,SBSP,1683806974000,1683809873000
3f139b4b71217a2e3ed0f3fd088d80ab,SBFL,SBSP,1683807269000,1683810347000
519ffbf51f981e3f660e320136612a66,SBRJ,SBSP,1683807828000,1683810849000
6cdc5b6c77b594ccd844748f3d39137a,SBCF,SBSP,1683806806000,1683810737000
0c5d89a2bc75968f59c2675601c94d1f,SBPA,SBSP,1683806772000,1683811271000
54f5a708aefe315c4cf2f3992fb16ef8,SBCT,SBSP,1683808634000,1683811780000
dec484c8b7fd11ab49a13ed69f025794,SBRF,SBCF,1683805529000,1683813937000
12cc15f23f08f691c83909b9f97cf82c,SBRJ,SBCF,1683811791000,1683814600000
55735ddd791e52f63fef3a5d9761a24a,SBBR,SBRJ,1683806653000,1683811719000
b6fb573105bb432ca0bf147431e54ca7,SBSP,SBRJ,1683809752000,1683812093000
a08c5ae7306cdb08edf5a0b1fe7a2c45,SBGR,SBRJ,1683809186000,1683811563000
a3cc00b2faf7f25780a3b1d790593e06,SBSP,SBRJ,1683810420000,1683812611000
9421065e7f803bf5c9ca97d1c8e64841,SBSV,SBRJ,1683806416000,1683813331000
f0905318a9305b7b1b103ca881990acf,SBFL,SBSP,1683810750000,1683813998000
b11f4ee405fca266f5affcb20a9a49e5,SBRJ,SBSP,1683807902000,1683814118000
d1f284d9c79d922439a3bb5a91cbb806,SBBR,SBSP,1683808841000,1683814289000
9a2771c085b66c152a0ac1e40d21f5fb,SBCT,SBSP,1683811609000,1683814560000
390b26442b0e5a7464504d6d789de639,SBCF,SBSP,1683810173000,1683814408000
0f69481ca63ad3fd967633179ba3d9c1,SBPA,SBSP,1683810425000,1683814878000
366d43d1d3505097cfe6f6f80daba0a4,SBRF,SBSP,1683804600000,1683815364000
4e11465546ee1e7eb9b43071c88f174d,SBCT,SBSP,1683812647000,1683815528000
01d2e55c23347a843266d84a0eb5956e,SBRJ,SBSP,1683812295000,1683815714000
9866c081b86734103ba34edcfd3f3da6,SBSP,SBCF,1683812405000,1683815428000
d65919a776284c89f704694467dca0bc,SBBR,SBCF,1683812889000,1683816152000
f55d8e91ae8b164241455feb37829ec2,SBGR,SBCF,1683813292000,1683815920000
34e7515688115a750096e5cc7b30e52e,SBRJ,SBCF,1683814204000,1683817114000
180ef5d5ad04f1f8769691c410a2922c,SBRJ,SBCF,1683815101000,1683817794000
ccbe668e82a5b9df8559ed3c72c88917,SBSV,SBSP,1683808082000,1683816974000
6d97e4e10b790708788f2f1292f64e85,SBCF,SBSP,1683813754000,1683817612000
1e02d4a038bee93584e17ad191351d0e,SBFL,SBSP,1683815264000,1683818149000
3ed76546ce6b111a42a20a91b0c2acea,SBPA,SBSP,1683813485000,1683817768000
9a3e19a873fb173023bf9164a1b9b844,SBRJ,SBSP,1683815889000,1683819016000
07c1689ffe9f1b1178a0fb5282abcbcc,SBBR,SBSP,1683814161000,1683818885000
d3d4a44378bfe9eb7434772043e31fc1,SBCF,SBSP,1683815175000,1683819274000
fcc6fc5dafa679a39225c3be5408d530,SBRJ,SBKP,1683817436000,1683820907000
19ae96704301f55edf446929141abf9c,SBRJ,SBSP,1683817961000,1683820994000
902896a08651df1592249f949dce6c02,SBBR,SBSP,1683816607000,1683821142000
8d785bc240d3a5406b98695798d8b800,SBRJ,SBSP,1683818093000,1683821462000
232ff493dd88a5c1bd9c2d513e9b9c00,SBSP,SBCF,1683819704000,1683822873000
2715b61e924a6648e437d164f8e46c89,SBSP,SBCF,1683820254000,1683823239000
91f7d0e26d1bf1230e96c6e0004c0951,SBRJ,SBCF,1683821670000,1683824433000
8fc7f1db27f9c0de3d12e201031a47f1,SBGR,SBCF,1683822735000,1683825614000
19c0e541631357920716901b1fda3496,SBSP,SBRJ,1683819983000,1683822450000
b101140b68826afe570c1584c8f6135e,SBCF,SBRJ,1683819682000,1683822246000
5153963a607a261aaf033d2f2a0b32d0,SBCF,SBRJ,1683820545000,1683823331000
14c1693d8c7d7d288bec8a499b625a7d,SBCF,SBRJ,1683820419000,1683823099000
776b5b3c566919d4a4a77763ecf9983b,SBCT,SBRJ,1683820288000,1683823720000
abbfe586734cc3303ba957541580b90f,SBGR,SBRJ,1683821281000,1683823564000
64a60b4bd94c69e15395ab908fd55813,SBCF,SBKP,1683820653000,1683824155000
60572382aa3eaf2d4e458655ad763d04,SBRJ,SBKP,1683823963000,1683827368000
017be3c9e576f3e79f9a75b2c65a3fb1,SBGR,SBRJ,1683825279000,1683827461000
2be3477c637814d0f5c3d2c881c84041,SBSP,SBRJ,1683824687000,1683827121000
9e4996d19ebf0e41e61ada226999e731,SBSV,SBRJ,1683819711000,1683826625000
52227b2145a3161f2426f317eab13419,SBSP,SBFL,1683824962000,1683828294000
1fcbeac85dc2e26ec516c85c45aba49a,SBKP,SBFL,1683825484000,1683828952000
c8157de95cae83c93d6f13c4ab6c6ef2,SBPA,SBSP,1683826476000,1683831252000
1f7393ba0cb4c7c7fd9a91304403fa7c,SBSP,SBCF,1683827393000,1683830660000
af1633c4a3d975414149bee1c183afbc,SBGR,SBCF,1683829190000,1683832152000
b4cc27604650656fd60a6805cd5fb08e,SBSP,SBBR,1683826752000,1683831789000
e13f18ce147c9fc77b31b4e2d4c63876,SBSP,SBBR,1683826571000,1683831566000
d85c941ab1e8ad199a1151d731e12952,SBSV,SBBR,1683826522000,1683832580000
96284a64f46d6b1d4e12ce2a42d7ef26,SBBR,SBSP,1683826859000,1683831704000
5092a6e28cfe0914badb6dfb3b390071,SBRJ,SBSP,1683829299000,1683832274000
7b889b5b8ca542d5c5746bcc57f02aa8,SBRJ,SBSP,1683829038000,1683832108000
609de7afe283a33a411489b565b0dc2e,SBSV,SBRJ,1683827079000,1683834162000
e7dd36bd6935fd39ed704ffc6405706d,SBPA,SBRJ,1683827610000,1683833022000
dbb940c8abab506c62cb25d85698e186,SBGR,SBRJ,1683831789000,1683833828000
56610990f447776bd50578c5684efaf3,SBBR,SBRJ,1683829127000,1683833992000
85b72e07a5d8d7a758de6c6ccca1ecda,SBKP,SBRJ,1683831324000,1683834410000
8e6de525eb8d6e87ae85038a428d2c18,SBBR,SBRJ,1683830484000,1683835434000
27e8073466b58e4f926249b59d555391,SBPA,SBRJ,1683829733000,1683835298000
02678108208fecd28371160b75ec5f8f,SBSP,SBPA,1683830186000,1683834827000
2fc529d81980bb1d2196b252f7e76d37,SBSP,SBFL,1683834190000,1683837152000
36b00472c9776fd43df14b9e151bef9a,SBRJ,SBFL,1683832656000,1683837105000
84e864f79d43aa2b8ec6ad5a0a36e276,SBFL,SBGR,1683791293000,1683794676000
740f1bc622a595ae9b0002dfa733ad92,SBCF,SBRF,1683824689000,1683831885000
aa045d1ed8fd82895e93b2dcc11749a8,SBSV,SBGR,1683785506000,1683793384000
f4e5515cfeb91d63e4718c0fbcd1753b,SBRJ,SBGR,1683814496000,1683817434000
69e8b99f46b30a38b7aa93cb4d53518e,SBGR,SBSV,1683812704000,1683819466000
7389683130f8ae7077b5d018f7d2aed7,SBCF,SBGR,1683796345000,1683799593000
5771ff9de202bdd38a7818b73a195835,SBCT,SBGR,1683830969000,1683834018000
a303dc1a59fccf41cbec973f3ddad0c0,SBGR,SBRF,1683792996000,1683802002000
26fe4af21f810ce6cef5fb295358119b,SBRJ,SBRF,1683806564000,1683814989000
2905eaad91aa9494be6b3915a6624c86,SBSV,SBGR,1683795402000,1683803309000
91c30a4ea66a06a369bf4df6681ee6b4,SBRF,SBSV,1683841931000,1683845223000
4c87781a08990ca3f2716028462fcf22,SBBR,SBGR,1683842162000,1683846732000
67f5cca64cf8eda25822ef806e661e01,SBBR,SBSV,1683774012000,1683779178000
af3f7b14aa4c9e459244e20134d57a08,SBPA,SBGR,1683765667000,1683769839000
eec23ce0d16722c5797c3f8b5a1e0b17,SBCF,SBGR,1683805991000,1683809345000
76659a96c1ca23b6edc55ca8006ab52e,SBRJ,SBGR,1683802716000,1683805570000
ca0ab1ec56e181688575470e50069398,SBFL,SBGR,1683797683000,1683801260000
62e30dbf0fca746bb201adf8efc97a48,SBRJ,SBSP,1683763585000,1683766940000
701f3d8a628541205c994ea3a77765e0,SBRJ,SBSP,1683763364000,1683766632000
f970fbb1e0d6a8b36565549c37c325a1,SBCF,SBSP,1683764052000,1683767574000
4e1af4468390dd029204bdcb14a7fd9f,SBRJ,SBSP,1683763698000,1683767197000
3d3e2458cb95bd478e1c0552eec57e28,SBCF,SBSP,1683764195000,1683768074000
5b7239e2fe7714b5e2017012cd5cda66,SBPA,SBKP,1683763821000,1683767960000
44bc3cb1a0e9efbd9e78a85628fedeba,SBCT,SBKP,1683765608000,1683767832000
6d391384de5a03cff4158d9921f50963,SBCF,SBKP,1683764925000,1683768454000
53b12a0a30333db9444a5c266e0a53dd,SBCF,SBKP,1683765242000,1683768622000
be9ffd61dba9e86eb4392ee333a1858b,SBRJ,SBKP,1683765430000,1683768823000
633ef937c70bfe601c30e7cccd9b1e31,SBGR,SBFL,1683765804000,1683769323000
8c2f673df99725df61ea218783c957a7,SBRJ,SBFL,1683764746000,1683769516000
e44b3addd0c46c21cd3b3067885b59b3,SBPA,SBFL,1683767165000,1683769734000
a757ae8da5b69b964538787beb71a63b,SBRJ,SBFL,1683767708000,1683772341000
c77126c634dda640bf6d06b121f620dd,SBSP,SBFL,1683767893000,1683770939000
dfd0e9501f6822a4d6f8dcf25b3dd1a4,SBKP,SBRJ,1683766031000,1683768596000
dda04ee7bcba3f6fbe51dfc34ef9c4df,SBKP,SBBR,1683767488000,1683772002000
3c55b2d1c60436ce22709441a22fee99,SBGR,SBBR,1683768208000,1683772813000
c342e7ccee064fc5ebb33de0d908c631,SBCF,SBBR,1683769219000,1683772960000
0e610a4822f19755038a6853548b60a8,SBSP,SBBR,1683768251000,1683773438000
baa5213cb22eadd7bf91fbbbb9287de5,SBRJ,SBBR,1683768746000,1683774438000
373002d65f55869c9a34bc8b8844da79,SBCF,SBFL,1683767465000,1683773507000
b7f5e24858f44a2c98dabcbe959554c6,SBGR,SBFL,1683770560000,1683773943000
9348749aaa2143164ab2ba1d0aeaf51c,SBKP,SBFL,1683773200000,1683776790000
7bc6c0b8305e5fb4aa0efc6acf5405fe,SBGR,SBPA,1683775273000,1683780316000
6d1e382259384d3743f9abfc0909c832,SBGR,SBBR,1683774335000,1683779238000
41620b1e11d50fcff1feaefbb09d2773,SBSV,SBRJ,1683789381000,1683796338000
321117d835caae94101cbc39b160a0c6,SBSV,SBSP,1683787559000,1683796010000
896d284cef240228663d1366b38be0eb,SBCF,SBSP,1683792722000,1683796174000
b6c2c994941122d8eafe2bbc231c485c,SBBR,SBSP,1683791535000,1683796325000
e9070df414e47febea076bb5dd4343d7,SBFL,SBSP,1683794347000,1683797125000
b88c0b19387dc586ec38edff5ae48b55,SBPA,SBSP,1683793275000,1683797667000
b357a5b733bca3ea781a939416c0ed3e,SBSP,SBRJ,1683797387000,1683799677000
eb4358121c4799b6e21cff1ab717c080,SBCF,SBRJ,1683797761000,1683800241000
fc005279f78bc4aecd00dc2919aff218,SBSP,SBRJ,1683798338000,1683800785000
f303ef856fa6808bc5b1d0be8279e97d,SBSP,SBRJ,1683798089000,1683800441000
934112f3b4d6d7e3fb27deed592645d7,SBCT,SBCF,1683794817000,1683799049000
209a56aa5bc8f53799f865ebe50285a9,SBGR,SBCF,1683796698000,1683799903000
8d514309b8a8c6dff1f6ce386403783e,SBRJ,SBCF,1683796582000,1683799779000
f30f7566dd1e772b6151235e187ccdd9,SBBR,SBCF,1683796172000,1683799224000
20ca7fe658f4e286a08d1698d66f4365,SBGR,SBCF,1683796545000,1683799423000
461a71c526be2c4dc7137446caeaf6aa,SBFL,SBPA,1683796030000,1683798659000
a212c62c37c2d6063a0209e872320dfa,SBCT,SBPA,1683795594000,1683799046000
78b12d71a79c19ba4e3c38c267cef1a8,SBRJ,SBSP,1683797923000,1683801084000
0cbf5cd854b75b935b5562dcad464c63,SBSV,SBSP,1683792348000,1683800958000
81f67eaf751e1ae54fbd98e8cc98e3c0,SBRJ,SBSP,1683798737000,1683801918000
6cb7b0e4e4fe6fde24abb5e42c09d361,SBPA,SBSP,1683797145000,1683801728000
26b7487e9a6e79a3407ee128d06901c8,SBRJ,SBSP,1683798142000,1683801376000
30425abe492974f707ec7d6b54bf51ca,SBBR,SBSP,1683796579000,1683801546000
cab187118fda9b90b1b7281e4799c9bb,SBRF,SBKP,1683785288000,1683796206000
3cc22625dfeb5b523156d5c5db440706,SBFL,SBKP,1683794166000,1683797668000
10daf6904a9ea55c67378e331f6b3b17,SBPA,SBKP,1683794113000,1683798485000
4c9aa2a6899790f2d0d8571f67950427,SBGL,SBKP,1683795487000,1683798647000
bc21b63de7b7d9050b61d815512c1c32,SBRJ,SBKP,1683796706000,1683799874000
36ec0e6388304e48677ad9fe2274140b,SBRJ,SBSP,1683801268000,1683804300000
5e7d160f795e39ec6dd47dafbc2fb934,SBRJ,SBCF,1683804613000,1683807450000
de794fea7c2328da5c5df0711b238a8a,SBKP,SBCF,1683804236000,1683807287000
2f6c85c2ca0c6cfc14688f865d02ef3b,SBGR,SBCT,1683795921000,1683798840000
879236b5f22c2505ec68a67f84f3a018,SBPA,SBCT,1683796111000,1683799058000
fb0445dd25e5e062b576fef57334df3b,SBSP,SBCT,1683796731000,1683799334000
48e39b1cf6a9a18b5dcf588a3c008bf0,SBPA,SBCT,1683798948000,1683802005000
b0603f100a8b00b7ee1183aac1b039d4,SBSP,SBCT,1683799564000,1683801907000
c904d6483e96088d9e6d58920b7099ad,SBSP,SBFL,1683801468000,1683804831000
3881d1a0b01f765707be281b48d13bdf,SBSP,SBFL,1683803384000,1683806474000
df18c32a1d9c37070f126c93922e5782,SBCT,SBPA,1683803105000,1683806385000
bd6336e951fb7a409c35cfad244d4e82,SBSP,SBPA,1683803048000,1683807819000
7b8f113575f5e23d076b3c6f41b267cc,SBSP,SBPA,1683803197000,1683808000000
6a439fd61bb99744ac56e8029fc84269,SBSV,SBSP,1683798045000,1683806688000
80cfb38a8e02c0ed9577bae6070cbd87,SBRJ,SBSP,1683803472000,1683806582000
d97c3013bc2a30e6f27cff0ff410d7c1,SBFL,SBSP,1683803881000,1683806900000
16a60c2a3f71d230fff5c7164449127b,SBCF,SBSP,1683803447000,1683807160000
617f8b192d59a2bbbee04b3d0e13185e,SBRJ,SBSP,1683837871000,1683840871000
148390e1137d9e7f51927fb5d09b845a,SBSV,SBSP,1683832487000,1683841068000
2a5b8f62d0dab15c4fa4759c00ef5a70,SBCT,SBSP,1683838621000,1683841385000
426f8fcc23150b3e15e99f8c60bce0e8,SBCF,SBSP,1683838071000,1683841806000
c49e4c96f3b872a51c2831e6a8cb9b42,SBRJ,SBSP,1683838664000,1683841697000
a0cda9025ba25982c8a5fc7e6935a30b,SBCF,SBBR,1683838178000,1683841711000
85526ef9c8799d855fbf58e22e306203,SBSP,SBBR,1683837714000,1683842638000
182f46b123c1d74a2c6dbb1a5981d129,SBSP,SBCF,1683838051000,1683840973000
89a5b49a8a87034e79eb46aee9ba62c8,SBRJ,SBCF,1683839358000,1683842042000
c0e16070368cd772e2fc041a1120106d,SBSP,SBCF,1683839013000,1683842285000
61042134d3adfaa735a35d818cf06cb2,SBRJ,SBCF,1683839748000,1683842456000
c89a4595e1acdb296c41885b01df224e,SBKP,SBCF,1683840796000,1683843752000
8af19e3b58e12603fd20da57bd65a7a4,SBSP,SBCF,1683840551000,1683843487000
ae15b7813f06711a7eb500c740e8fdf1,SBRJ,SBFL,1683818317000,1683822931000
202be6d9595a24228ea74d689ad027e1,SBPA,SBFL,1683818064000,1683820339000
d38bb3225680b4bb0e25e56c2999af42,SBRJ,SBFL,1683817869000,1683822433000
66c0bd059258c535f8fb7a3623cbefc4,SBSP,SBPA,1683841644000,1683846288000
3626cc93b7cb6ba086ea6fe121a964ba,SBSP,SBPA,1683843124000,1683847906000
9d41b3f4c9ea225dd13ef4e166c72b88,SBGR,SBPA,1683843627000,1683848108000
76edf9436174573d83c4109bc9a2043f,SBRJ,SBSP,1683839575000,1683842524000
62136a6a29c673dca0a612904fdd50f1,SBRJ,SBSP,1683839069000,1683842256000
8425b9b5723346aaa398916b0b9426ab,SBFL,SBSP,1683840138000,1683843049000
0826e244c86fc9518613062df0cb9ea0,SBSV,SBSP,1683840018000,1683848894000
e3248397c1342d7c3770a8f33ed21edc,SBRJ,SBSP,1683845349000,1683848637000
edc2b7cc61422b0ef5011a9c5fafee3d,SBPA,SBSP,1683843518000,1683848753000
879dfec3a0e1fa8541e1a1bd66f2e352,SBBR,SBSP,1683844432000,1683849293000
87922927e26921199d795353b2dd9224,SBRJ,SBSP,1683846177000,1683849441000
71dfa98c90c6c290923e454cc1bcf585,SBSP,SBFL,1683845508000,1683848500000
43044ffc7a2b2e3239ac823a85ea035c,SBSP,SBCT,1683834681000,1683837293000
5ceb280692ccc083c6272f093e133fa2,SBSP,SBCT,1683835884000,1683838480000
abf215108e00273b836aaa2bf00969eb,SBRJ,SBCT,1683835823000,1683840177000
fea7e9de3a0132c71af5e44046689a62,SBGR,SBCT,1683838008000,1683840593000
7a1a66ddb9e5a21e1266a0b7d4918985,SBRJ,SBCT,1683836667000,1683840807000
48377d5a6b016b35ce9cc4f0c5b9d22b,SBPA,SBCT,1683838113000,1683841339000
f628b0b4c03729df658c496f827dee93,SBKP,SBCT,1683839806000,1683842528000
488b174cd63d2d42c92ac94d43102942,SBGR,SBCT,1683840686000,1683843356000
f68723ef157dfaaa62d3ab964b287502,SBSP,SBCT,1683842448000,1683845063000
1aa4c33149e8d2a4e0337f3ef08ef7ca,SBSP,SBCT,1683842019000,1683844617000
0c7b7fbfc0088ceb4e084c2ab4ef85e3,SBRJ,SBCT,1683843828000,1683847995000
bb123ee7da59748d9ef0d9c29c834d73,SBKP,SBCT,1683845468000,1683848234000
ec33b987f35f8033bc84a7dc5a745a4d,SBSP,SBCT,1683846325000,1683848879000
f7618fcfc793eb1c08cc8130e5babc72,SBKP,SBGL,1683843322000,1683845631000
d81bddf9f66fefa83ec8fae049312475,SBGR,SBGL,1683835169000,1683837293000
37ef20a1b908eb4882e21773c2b74333,SBRF,SBGL,1683788403000,1683798381000
159f17cf9a356345b46751dd270b2236,SBGR,SBGL,1683799554000,1683801655000
7cd061d611871cb64ce781966767c602,SBGR,SBGL,1683806203000,1683808386000
9c28046aa249ab833ea69a8b073b5967,SBBR,SBGL,1683803581000,1683808262000
fc7c79e69967cd26189e54cb0a4ffa48,SBPA,SBGR,1683793907000,1683799228000
df31174bea325137ce0c25057b293d08,SBPA,SBKP,1683828068000,1683832328000
34a69693f6c56f7763af93f5bfa8d4d3,SBSP,SBSV,1683827533000,1683834466000
6559eb3f05276cb0a80c8be8dbfa4a27,SBSV,SBGR,1683812231000,1683820072000
1c0322cbe81f741252629a353aaa5f35,SBPA,SBGR,1683792850000,1683798072000
8e02e868cf85e54474f53bc63c66c3eb,SBBR,SBRF,1683792930000,1683800345000
db3a42e7f6faff8f51fb6f0d718a444c,SBRJ,SBSV,1683814706000,1683820883000
e928a0977df518accbef073ce7b114f1,SBGL,SBGR,1683792174000,1683794944000
21b682ebacf97adfd3fdb4c8863c105f,SBRJ,SBGR,1683824262000,1683827029000
e578b2de1ee0daeba51583c0f30677ec,SBRJ,SBGR,1683837282000,1683840012000
4ebfe1cf21fd1a0a67c0fee003225f69,SBRF,SBGR,1683819499000,1683830882000
6844c754a8e2a0639e6977c2425e54a6,SBPA,SBRF,1683775738000,1683788300000
264a04f6e537f883b8b375aea955e8a3,SBGL,SBGR,1683845182000,1683848094000
4a930d2410d1dac277313d2594c49a54,SBSV,SBRF,1683829470000,1683833329000
d8016ef931f6d03207d1380080fa7a1e,SBGR,SBRF,1683805261000,1683814543000
bc4a2277cf32f0aa7efbe7bd0f09b87f,SBBR,SBRF,1683807242000,1683814837000
c9e17cf83aca526a1e5fe3fd2cb6b1bb,SBSV,SBRF,1683813881000,1683817345000
27b9b2738919d4569edf0836ded443e6,SBPA,SBGR,1683813617000,1683818226000
cc28188cf4c258ebacb361971b89fa36,SBGR,SBRF,1683807100000,1683816167000
51214eece38ccd64be774c7ac20643bb,SBGR,SBSV,1683804809000,1683811788000
7283cb91fb60a7516a5f425e74936369,SBGR,SBRF,1683794756000,1683803897000
68d59b8910ce483aaa3ff8e5cf6ce3d0,SBGR,SBRF,1683770775000,1683780034000
03dbe36ab25665741603a592ff45b50c,SBSP,SBRF,1683810702000,1683820220000
d9ec9f3865c2f066c96697f10d91972a,SBRJ,SBGR,1683795905000,1683799070000
75928fd040da08fbd6f873ccec563cb1,SBBR,SBGR,1683811972000,1683816565000
b6f9dccdcab56359d6626161dd398ddc,SBSP,SBRF,1683767667000,1683777091000
e1fde7be9cb731facba1ca28a9211d54,SBCF,SBGR,1683815629000,1683818959000
4f77022eb943e0e174401e856c7c5bfd,SBRF,SBSV,1683770425000,1683774123000
ba61461faf600e01d1c82b9f0af77ae4,SBRF,SBGR,1683823005000,1683833898000
4797dc1ba30e20bbaeab8a1d46547283,SBRJ,SBRF,1683822528000,1683830770000
dd3bdb2b829f90a27c561a32cfdd4215,SBKP,SBRF,1683771152000,1683780384000
60ebb8b189a3c3a535078d3afe79e081,SBRJ,SBSV,1683810549000,1683816880000
c9af93185c4b042b2fb90c1089762b93,SBKP,SBSV,1683839086000,1683845512000
5ccd2fa551da92537a4621af69ba8d92,SBCF,SBGR,1683842930000,1683846196000
86dba664c684dc5eab99a9c80fd8a431,SBBR,SBRF,1683805761000,1683813163000
c890435c01afdc92022c6a9f63b494b9,SBSP,SBSV,1683767016000,1683775679000
1bf05347fb7dda16f0159607d667535f,SBBR,SBRF,1683765462000,1683773109000
932b6a6d13cc8730f40b069bfc7ec5b6,SBRF,SBGR,1683772771000,1683783567000
bf0f966140417405a49f6f34b929c142,SBSP,SBRF,1683804748000,1683814405000
505e4f4ce11189466a85adb0c9831321,SBRF,SBGR,1683792671000,1683803942000
cc168242d1387a4f08ab7677b1813c29,SBGL,SBGR,1683830526000,1683833415000
fc07e10666634f19388df4a435fd66b5,SBFL,SBRJ,1683793285000,1683797058000
d9b9e3382f9cf29b8db1e28afa462f86,SBGR,SBPA,1683787713000,1683795458000
ec6aae67e5a03f26d3cd9e5d90261068,SBCF,SBBR,1683797137000,1683801120000
e668e55576e0a975c859d42f17abe93f,SBPA,SBBR,1683793791000,1683801373000
f2925a257b6994586cf6da09c00bbcf2,SBCT,SBBR,1683795465000,1683801011000
ccbb54b7e463189da3cd6659a06b53f1,SBRF,SBBR,1683792336000,1683801389000
960e1f60994aef36b1d9f7aba4f9de89,SBRF,SBBR,1683791868000,1683801092000
a43660cc1ff8524d9d417d2249c21573,SBSP,SBBR,1683796104000,1683801265000
7cefb9ff15a6324ebff2edbfaeed2a68,SBKP,SBBR,1683797425000,1683801891000
0edaa9ca48117df82736a58b53b8d13b,SBFL,SBBR,1683795116000,1683801662000
a9ae0c43586f04010366c0eab6848bfd,SBSP,SBBR,1683797575000,1683802675000
880802b3f75510330d4ddf36f186d937,SBSV,SBBR,1683796015000,1683802736000
187d919bdda943609a2107f265b5ab23,SBPA,SBBR,1683794695000,1683802231000
8e5a25dbed2e28bf699e3cfdc4538fbc,SBCT,SBBR,1683796840000,1683802429000
5d2b31378d03d8806268a032da0a1961,SBCF,SBBR,1683798758000,1683802988000
bf7028be7541446d0141d016a63a3481,SBGR,SBBR,1683797685000,1683802769000
c4438552aa5b9c5222592dd9218fd17a,SBCT,SBSP,1683799468000,1683802210000
90c670b971f6cd07486ff15ddad5317c,SBFL,SBSP,1683799525000,1683802600000
3fb73387743092fc16e39150817005aa,SBPA,SBSP,1683798807000,1683803297000
58c7b420b7439198354a1b104074d60a,SBGR,SBCT,1683763357000,1683766324000
5cdcf82fb1357d93a1a54c7371d8c250,SBSP,SBCT,1683764366000,1683767271000
0c4c409ec73c78d65aaaf3bd87eed1a2,SBPA,SBCT,1683764396000,1683767490000
69b5b148b23c9038b56b190af4f70336,SBSP,SBCT,1683765776000,1683768404000
901d0914e497b73b2058a36f40e011db,SBBR,SBCT,1683764223000,1683770042000
4753711c0edbc2f6bfd1ca7353f2e168,SBRJ,SBCT,1683765357000,1683769678000
1f9326312a10993a639f1408a38a0296,SBGR,SBCT,1683767763000,1683770627000
fee3dcf8b1182272b0fa16358c264c89,SBKP,SBCT,1683771404000,1683773938000
7fcb1ab62cc50bd414087d99f639df80,SBCF,SBCT,1683766591000,1683771938000
1408da090b288e6cc690c5670c2c4b41,SBGR,SBCT,1683772235000,1683774947000
a0ba3a7b23fedd52e0223aa5e9256be3,SBGR,SBCT,1683771541000,1683775965000
082575690f27c1eb59ed55d89613a02b,SBRJ,SBPA,1683799253000,1683805660000
9b9879056f78a175a4acb2845246f1c3,SBCF,SBKP,1683806336000,1683809729000
1672cbe8560784fd059da9629f70cced,SBKP,SBFL,1683805701000,1683809140000
a7faa2942e783622662faa961323a139,SBSP,SBFL,1683808943000,1683811991000
29f1fb2fc2c4438bbd4f4dc9c3be8120,SBBR,SBSP,1683805283000,1683810230000
ecde325dbce76ce16f53db817cc0b081,SBGR,SBCF,1683811418000,1683814264000
80e2c5a4c14165264db8d809b0988748,SBSP,SBFL,1683811208000,1683814445000
54c2b047127cae04faa5cdc0cff2e55d,SBRJ,SBFL,1683811190000,1683815702000
3992ac01f2c0ba5e12b04c47a69c6689,SBSP,SBBR,1683807927000,1683812741000
04f9021e101cc973b4384fa78d80d75e,SBSP,SBBR,1683808202000,1683813195000
7fb9eb5bac01285b8b8756efc5a96d5e,SBGR,SBBR,1683808772000,1683813672000
502609e8a355e89b3b0ee9e342837786,SBRJ,SBBR,1683809574000,1683814989000
83840fa064ea8d810837a0163d2f7952,SBSP,SBFL,1683814669000,1683818189000
2f1ce2db205280cbd6f2160f07603b9c,SBBR,SBPA,1683807793000,1683816211000
de49025819a610782ccb6b23b308e1fe,SBRJ,SBPA,1683810856000,1683817286000
5093d5f4ddb0db6b30a0cd72f5fa2c23,SBSP,SBPA,1683814350000,1683819336000
74e87be4976eda615cbcd668ffa5e0df,SBKP,SBRJ,1683816986000,1683819069000
e1698e4980f900e4168b964dea34bb46,SBSP,SBRJ,1683817608000,1683819825000
117c8cfa1128344d8845bdffc64dc926,SBSP,SBRJ,1683818418000,1683820759000
cd7bac3a8aa976508ea2dd0b8abe992c,SBSP,SBRJ,1683818948000,1683821310000
3af4e6d673f4b4d9f5da8fb95158058a,SBGR,SBRJ,1683819183000,1683821499000
2a70b446fd4ffd1c35e58d4cf9429725,SBFL,SBRJ,1683818304000,1683822056000
b3664da0dce510c3bed966ccfb3cf325,SBGR,SBCT,1683811561000,1683814548000
66fa4d0fa169297faa39b670c5ed5477,SBRJ,SBCT,1683811911000,1683816001000
d650ea272c5ced389f48d6413595b143,SBGR,SBCT,1683817730000,1683820584000
63304d436d4be20ad59e061798ed0e7c,SBSP,SBCT,1683820398000,1683822903000
b8be2019a9490db0118f9eae87fbd782,SBSP,SBBR,1683815059000,1683820183000
f3399c4e18c82097a21ea69e35fc680c,SBCT,SBBR,1683814392000,1683820008000
15ac00d1697bab0297445a3ed50e25e3,SBRJ,SBBR,1683814798000,1683820421000
a77d37b9f9773bef89cbf90608679180,SBCT,SBKP,1683817677000,1683820566000
b574697f5341ee619e1dc25952402649,SBCT,SBKP,1683817677000,1683819760000
fba0a4c1ebdd3ae8959b8dc31dce9b44,SBSP,SBCT,1683820867000,1683823607000
a53472b6d03b3f1210b7dc24ab57fcf6,SBGR,SBCT,1683822207000,1683824913000
47f1832e9ab636bbefd0ab354ab1a5b9,SBSV,SBCF,1683786933000,1683792331000
d830b4030e7173df144f5f2efaf9a43f,SBSV,SBBR,1683785631000,1683792115000
7e9c1780102ca0c02d0163c499216b01,SBRF,SBPA,1683778240000,1683793469000
cda2cdb6ecdb469784b3b8bbecf434c8,SBSP,SBFL,1683797217000,1683800263000
326ef92aff147cddcfe0d038e5015ee1,SBKP,SBCF,1683796380000,1683799576000
45eda8e012060a90dbfdb9300a386bd0,SBSP,SBCF,1683797286000,1683800479000
562a12fbdf6ab7b7aab41b19f599798d,SBRJ,SBCF,1683797611000,1683800357000
d3a41123df5f647073cf1cc9f36e6795,SBSP,SBCF,1683796672000,1683800030000
c560959dac52355ef33d67ce8d61bcbf,SBGR,SBCF,1683798349000,1683801129000
ec964833c45aea4f102b8acf88568b43,SBPA,SBCF,1683794335000,1683800660000
0668dcecf532f2d4a10ab02bf644b062,SBRF,SBRJ,1683787839000,1683797419000
a36d03e9a615e61a8f8e9740b7ae5db7,SBSP,SBRJ,1683796265000,1683798598000
4a244290e31cf609143df1e90ffdb90b,SBFL,SBRJ,1683794640000,1683798443000
3dd1cfc6924359de2e124a7775fafb7d,SBCT,SBRJ,1683794586000,1683798264000
0fa030569ed9bde2647666b16eed7c4c,SBPA,SBSP,1683794512000,1683799069000
e88a3941796bfeb6d7256a45a9b4cac8,SBBR,SBSP,1683794875000,1683799473000
61f71353f8afe3ecd778bf2067173ba7,SBPA,SBSP,1683795869000,1683800081000
0706128efbf95eb44faf57cb47a291d1,SBBR,SBSP,1683795813000,1683800653000
5771448b6bd79325e8784f4f3f49f19c,SBRJ,SBSP,1683797503000,1683800486000
9702264281720f1f9c3c07ef01c7a9e2,SBBR,SBCF,1683800021000,1683803129000
0e7a8bfab6b4047d7a4f6e8d6f87bf21,SBSP,SBCF,1683799669000,1683802637000
420c05be0980c4362aaf6a96cde970b5,SBRJ,SBCF,1683800879000,1683803657000
88f936eca080a56308308367f97c98e7,SBSP,SBCF,1683800881000,1683803906000
e111e784915688e0369d8b31a6997a24,SBSP,SBBR,1683797780000,1683802888000
ca8b7cea7cb27eded09d989e7d8e80a6,SBRJ,SBBR,1683796903000,1683802845000
2faac105414a7b04923230ed4b2d6c98,SBSP,SBPA,1683798024000,1683802838000
f45833c4c5cf3f599127eab163c5b423,SBGR,SBPA,1683797254000,1683802297000
2ad6cdb58c39297ae3a58214b189f050,SBGR,SBPA,1683797817000,1683803018000
3c196decdc1347c557f26de7b742dfcc,SBGR,SBPA,1683798035000,1683803168000
eb87cb9167753cab582e6c7b1e287e6d,SBSP,SBPA,1683800173000,1683804923000
e5f71aee7a9b16558aeaa10f859f0e89,SBSP,SBBR,1683800732000,1683805743000
a6e695e541eb0669565c0e48a091e705,SBRJ,SBBR,1683801379000,1683806897000
f451176a554eb83b8ae84a6547124557,SBSP,SBCF,1683803901000,1683807117000
cc817d2ebf8bde328cfdeaab91992927,SBGR,SBCF,1683804036000,1683806674000
3b4d953aa6f87c0fba254f661ea2dc0e,SBFL,SBCF,1683801882000,1683806906000
3ae10ff2d70cb703116f6be1386aec5a,SBSP,SBRJ,1683804169000,1683806432000
1a94be5e722138861ae6341073f27d22,SBBR,SBRJ,1683802022000,1683806662000
476fab74550f6747dc753b167e044a6a,SBRJ,SBFL,1683811190000,1683807345000
f9f8f831075d1c1132078b224bc44da3,SBSP,SBRJ,1683805193000,1683807526000
daf120edce0deeedd7e42d09b27629de,SBSP,SBRJ,1683805288000,1683807734000
7efe53e6663b787316785b40df6607f9,SBRJ,SBBR,1683799529000,1683804760000
fb417eddb08f7ad1f595bc998cde002e,SBGR,SBFL,1683803879000,1683807172000
60be3a6d4f26f5f27bf5df843d84f3c9,SBCT,SBSP,1683805835000,1683808365000
64b61c5dfeaf44ad06cfef3ae1accf96,SBRJ,SBSP,1683804989000,1683807974000
9cd96e2232af90c8ad3c163758b8f8bf,SBCF,SBSP,1683805025000,1683808558000
62e507fb82a451c290dcfa740f55671a,SBRJ,SBSP,1683806846000,1683809678000
39f958b8ab2fd1d03a1b057d25070399,SBCF,SBSP,1683805870000,1683809324000
83a04a9af233739485e74e1f5093190c,SBRJ,SBSP,1683806735000,1683809535000
74526361dff685fe439500dc27c43bbb,SBGR,SBBR,1683803330000,1683808040000
c1c6b6e543cbe8579923e9878519d532,SBSP,SBBR,1683803855000,1683808986000
b54aac36b0e09bc8f6f807ff50f3c8c0,SBCF,SBBR,1683804903000,1683808772000
e2d895da9f00aeca662ce5ddccc07150,SBRJ,SBBR,1683802879000,1683808539000
3eddd758478d96f1fbc856596e5f89bd,SBKP,SBBR,1683803745000,1683808307000
1b4d8ddea96ca762a070088eba5c6633,SBGR,SBBR,1683803482000,1683808161000
efc2a6a8ebc6774034bbd1c672671fbb,SBSP,SBPA,1683805231000,1683809782000
dbaa3b8f9275b4c89133e987c3fa9542,SBGR,SBPA,1683804997000,1683810048000
0eb87de2299f2cb6a7c696b09f1eed64,SBSP,SBPA,1683806951000,1683811929000
6903c82cb41087127af95411793155f4,SBSP,SBPA,1683807575000,1683812342000
c45b90d1c5a906f629a466225673027b,SBRF,SBSP,1683799970000,1683811641000
0d0086d144a9d6a2de154d2f6758efdc,SBPA,SBSP,1683806898000,1683811995000
8fe917a328aee1fdb0a948833cb77a79,SBRJ,SBSP,1683809795000,1683812924000
3151bc76b2078b47a047ce00440ba88a,SBPA,SBSP,1683808122000,1683812485000
781bca9ab2dda1c89bdb271282becbec,SBBR,SBSP,1683807864000,1683812781000
73aabde62234773231ebb313cafe3020,SBGR,SBFL,1683808918000,1683812319000
3bc0711e32802bb0fe5315e7211d4c73,SBCT,SBPA,1683809857000,1683813357000
f007e38c0e7af349fc95324d562b88dc,SBGR,SBPA,1683809620000,1683814724000
06051472ddfec8aac38f693ae4fd4b05,SBSP,SBPA,1683809399000,1683814982000
ebf119ae4cf81681c907c90077caec67,SBRJ,SBPA,1683808421000,1683814507000
da7f287965e93d23cf25ab9213a9d673,SBBR,SBPA,1683806428000,1683815154000
6f13ddf8825623b2fecae862d2514e64,SBSP,SBCF,1683811891000,1683815262000
8619a82a647c8480d49abc78de0c73d3,SBRJ,SBSP,1683812421000,1683815912000
c8f686d16f69e016c0261f9bb0a9fdfc,SBCT,SBSP,1683813280000,1683816062000
ff9a3659189bbf1fce0aeeec39bee3ad,SBRJ,SBSP,1683813096000,1683816191000
ca435ac7f2ae0d5bc24773bb78b56dbc,SBBR,SBSP,1683811441000,1683816333000
ceb978173e17bfaffa39baa7b7f42651,SBPA,SBSP,1683812053000,1683816498000
0c6b021fff23d77df058aafc0930cc95,SBCF,SBSP,1683810053000,1683813498000
29c967657b22830a4e67d238cf05bfb2,SBCF,SBBR,1683812761000,1683816390000
5b714e48bd2f44c08540e4386216b145,SBRJ,SBBR,1683812510000,1683818232000
ff7b76bf98a4e96c8b4fc84e4c765b23,SBSP,SBBR,1683812197000,1683817261000
6d08911d585d2a2ad641ea0ab0b0598c,SBKP,SBBR,1683814630000,1683818933000
8851b35277aa9c85033ac0e3c9ac9ced,SBCF,SBSP,1683813185000,1683817065000
0cb084d35383ec52a47eb8f0f68fe80a,SBRJ,SBSP,1683813716000,1683816848000
083c7a8d4d40335d3841edf1d12d28e2,SBFL,SBKP,1683812915000,1683816322000
5af83716f557ae8d6e6b6ffa43c2e37c,SBCF,SBKP,1683814053000,1683817190000
120b4e32c1a4d066616aa91c7bba85e6,SBRJ,SBKP,1683814094000,1683817511000
cbeb4e704adfb41842f625356f2435dd,SBPA,SBKP,1683813178000,1683817617000
d55571e08e7f92614b19bc6e468c3f39,SBBR,SBKP,1683813006000,1683817909000
e05fb5610333920efcaba67da0255214,SBSP,SBCF,1683816784000,1683819907000
c5dee887d3b0c050e740f0066d2e7fa8,SBSP,SBSV,1683800574000,1683807714000
da33103e3be6d882c4bcd937e46b9bfe,SBCF,SBGR,1683794173000,1683797944000
4f9bd608f73251f0b64b4e7eb7b4a093,SBGL,SBGR,1683768630000,1683771687000
a5869436e9a696e2e70f6f053626c1ee,SBKP,SBSV,1683804395000,1683811026000
2fa744f7c1ffb62314b403f5f098e0d7,SBFL,SBGR,1683842643000,1683846504000
11a9d951b3aab4dcd2613f1ab72c8947,SBGL,SBRF,1683774049000,1683782590000
7ab76de602a54ad2b094a5df0ce8edac,SBCF,SBGR,1683829297000,1683832902000
e0fa5080d1971d7a1bc5634a2e187de1,SBRF,SBSV,1683821337000,1683825475000
04557ac250ff7405b35159fd4bd3c79c,SBRF,SBGR,1683805342000,1683815948000
da0af2701446bd1a46c7d7980f96383f,SBGR,SBRF,1683792658000,1683801778000
52fd0031ab5553068cbf04a23beb275d,SBRJ,SBGR,1683824634000,1683827437000
45514f5d943ffda46b34123eeb000d02,SBPA,SBGR,1683807217000,1683811831000
e8f61a22229ebce4a7950ac70a180891,SBPA,SBGR,1683818612000,1683823425000
b25f8b7aad57bf28c72fb3d76560d15a,SBPA,SBGR,1683795735000,1683800791000
bc5651d618471695398ebc9a81615a43,SBBR,SBGR,1683827477000,1683832256000
0b1fa4a3fe657fa7f3026fa248788585,SBCF,SBGR,1683820792000,1683824172000
bf32a3fa7056bb188c699b82fd4e6eb2,SBGR,SBRF,1683767685000,1683776721000
fb0f324fd8b520affe48d76179dc0145,SBGL,SBGR,1683828237000,1683831128000
64af8666c4dbf8a76fb4df989de85c84,SBRJ,SBSV,1683828376000,1683834590000
9e8d1783cdff822bf746d8a963831d64,SBSP,SBSV,1683833831000,1683840193000
1332392210fb6208fe1654c7a66303d0,SBCT,SBGR,1683846386000,1683849269000
c932f97404a18d18dcfb79848b9f9707,SBGR,SBSV,1683826476000,1683833206000
468a2e89976fe5e0a735a972d33c04dc,SBKP,SBGR,1683845533000,1683846947000
e500a6a5f39b36b07b2db44a50625dc5,SBKP,SBSV,1683816472000,1683823609000
c9c0b8c138a13bff256ecd2597d0eb64,SBKP,SBRF,1683804141000,1683813294000
0576fd9b1a27d299e7abe6916952fde7,SBGL,SBGR,1683798559000,1683801351000
fcbf044a02c5acee4dcb92e0921d5e43,SBRF,SBSV,1683826917000,1683830740000
cb3b38dd8ada5947428b6aeaa984b33c,SBSV,SBGR,1683815708000,1683824063000
4de51406cf4b476988212fcb481508fc,SBPA,SBGR,1683844516000,1683849515000
21b31dc2f4918c5c5d6b209aac96b5ac,SBRF,SBGR,1683837551000,1683848730000
7a8a80d741ec7ee9123eecfc70387f08,SBCF,SBGR,1683830469000,1683834129000
2ad696383e66ec5a4a9a0885ec2ff4a7,SBPA,SBGR,1683820069000,1683825616000
8e6d21c7a4363e51cde9ae157f232c25,SBRJ,SBRF,1683768096000,1683776523000
4519c0203818e65cef4bc40fd6a4dfbd,SBGR,SBSV,1683824879000,1683832201000
39cc7952f083d1d61d9572ff58548a4a,SBSP,SBSV,1683829893000,1683836547000
0da43ddc1d3fe7268d674dcb9d3517cb,SBCF,SBGR,1683838636000,1683841912000
b29931b4b72f4ff8fdd2b2ccb96b4a63,SBGL,SBGR,1683798707000,1683801562000
49838a8cae06ee6f11413a7e44e22013,SBRJ,SBGR,1683842737000,1683845872000
317391d25d69844ac522078d6cc1509a,SBBR,SBGR,1683786195000,1683790977000
bb2548f373300206c32aee65caa91ebf,SBCF,SBSV,1683772771000,1683777996000
63ae746c91e6bce5f732772450ccd0ab,SBRF,SBSV,1683819779000,1683824122000
4c2344e81686b4c6f7990a22d0f90f73,SBPA,SBSP,1683836588000,1683841259000
d6789b1aa5fd08149cdc765d56fbac3b,SBSV,SBGR,1683836929000,1683844981000
74885da125762f98dff1500a94192f10,SBRF,SBBR,1683767829000,1683776668000
09c7256015adea83c5a96f42490de51e,SBGR,SBBR,1683772309000,1683777058000
33c0db4f4a450d94b3db02b8f4fd5508,SBRJ,SBSP,1683795762000,1683798854000
b4b385bd7f0e21b4b52ee9cd8292a9d3,SBCT,SBSP,1683796159000,1683798649000
0f6d7302ea9ad0eccf359e1b0e452308,SBRJ,SBSP,1683795676000,1683798496000
6f82cbb03ec7ece24668ed246226677c,SBRF,SBSP,1683786408000,1683797485000
44f3d0bcfa899f45c296562ecd7f2179,SBRF,SBSP,1683784780000,1683796827000
a2c4516b2247e7ca3afe4fd15fa433c4,SBFL,SBBR,1683792909000,1683799229000
7632853671255deb0e5d68f140af69d9,SBSV,SBBR,1683793288000,1683799737000
a2aaef04cb4053e89268857b33a5bfa4,SBCF,SBBR,1683796453000,1683800324000
a92ab941f0ee29f5aff64bf9c82df92e,SBCT,SBKP,1683796906000,1683799195000
454beaecd08a5e8bdaa02a9d9940793a,SBCF,SBKP,1683796870000,1683800211000
aa443da862f27109b3abf32c976d1d2e,SBBR,SBKP,1683795615000,1683800049000
f5652e665d84beb395ec48d3a96ca790,SBPA,SBKP,1683797585000,1683802316000
c193401035cb3e23087eef2871e226f2,SBBR,SBRJ,1683795953000,1683801007000
df0224c8eaf38f5de29c9a601e86c892,SBBR,SBRJ,1683796773000,1683801537000
03b58e63b5a76bc6bfb5ef67153ebed1,SBKP,SBRJ,1683799778000,1683802475000
6ce2600530f6bf761643385021ff532f,SBKP,SBRJ,1683799443000,1683802064000
329e431ca3af884107247476a47522c7,SBPA,SBRJ,1683796972000,1683802269000
600a8e37d747e9c269973aeb01a6c065,SBCF,SBRJ,1683800131000,1683802978000
09c3d5d395542f4b7602e029af72f057,SBSP,SBRJ,1683801813000,1683803861000
c23377b75e9ddd685856bd86c90572c1,SBSV,SBRJ,1683796570000,1683803391000
44941b5eda917efe21a471a17c6d8401,SBSP,SBRJ,1683801170000,1683803590000
2b364be66ffeb51ab29324452853cf49,SBPA,SBSP,1683799567000,1683804119000
36bd20817fa5218b64e5628d8da7a5b1,SBRJ,SBSP,1683800359000,1683803673000
cb0ec58ccf04ac16657abb8d06e638ca,SBBR,SBSP,1683799415000,1683803964000
fe41c1a56103de50692c69ec60572151,SBBR,SBSP,1683799572000,1683804576000
b2b5eba816ae8e56905c83bb11ad12e2,SBCT,SBSP,1683802420000,1683805042000
1bf26c74321888cad0af9f6efda33771,SBCT,SBSP,1683801807000,1683804452000
f6186e52682d3743d453c3ac2efd0482,SBRJ,SBSP,1683801880000,1683804860000
2b2f72f140a28a761a3497dd8c05ce63,SBFL,SBSP,1683802921000,1683806086000
9c120aed39e6772ca94e8239b92c54e0,SBRJ,SBSP,1683802811000,1683805858000
a572c08f9f442938950b6bc0be1f2bc9,SBSP,SBRJ,1683802454000,1683804521000
d3a0b6e7d751103ed692838cb0a8d6b5,SBPA,SBRJ,1683799235000,1683804751000
6783b5e8d225f49b1908968d8ada1bda,SBKP,SBRJ,1683802250000,1683804894000
5ae399b6da5616d8c3648bf8afa93a66,SBCT,SBRJ,1683802250000,1683805895000
0096128051660c4e1a488651b7b45f11,SBGR,SBRJ,1683803805000,1683806044000
cc3f895c7be07d20fe67d97189e0db8a,SBGR,SBCT,1683801566000,1683804264000
11084b4f316da855be33b8c4555d7c7a,SBSP,SBCT,1683802689000,1683805330000
3c57dd9785d0e3472c579935631db71e,SBPA,SBCT,1683803308000,1683806353000
944df515de18cd3d65536a3612bdd7be,SBKP,SBCT,1683803006000,1683806939000
a8507c508fde6d2a6f98af8962c4635f,SBGR,SBCT,1683804349000,1683807152000
08da8d993a59ae02456d9539af488af2,SBRJ,SBCT,1683802590000,1683806729000
a5510d9eca4b52503e1defaf44c28942,SBKP,SBPA,1683803924000,1683808776000
ccf52ea8e9b8d4a9055a11fe615e95dd,SBRJ,SBKP,1683803631000,1683806441000
8dcae1738949d4e7530d74fd08a7198a,SBRJ,SBPA,1683830048000,1683836211000
15732c463dc23ef9046eef558307ca5d,SBSP,SBPA,1683831800000,1683836471000
c5ee1f17696b5d5a15fc143e4829db20,SBBR,SBPA,1683828359000,1683836702000
cecbdaab11ff7b2195dac73b9e11670d,SBSP,SBRJ,1683835180000,1683837550000
14d91f01d0c6dd9513ee6e860b36b0ca,SBGR,SBRJ,1683835616000,1683837975000
c956ea08e5d18d62442b0ba0d892cc67,SBSP,SBRJ,1683835937000,1683838290000
8e63c3776a4dd5e51d6f07f959598989,SBFL,SBRJ,1683834784000,1683838982000
637ab72ca92ce7eccd40e48c0f83d908,SBSP,SBRJ,1683835621000,1683838087000
36b03c43db68b9eb5cd548be81708f3e,SBCF,SBRJ,1683836760000,1683839443000
6c3e49fb3b2c5788ce1165cee00abc2f,SBSP,SBRJ,1683837308000,1683839653000
3b1847ea5ab57d658db385efa518f26b,SBCT,SBKP,1683832321000,1683834737000
3e3ccda704dbdcf347a6c23643edfef9,SBRJ,SBKP,1683832818000,1683836062000
5aca71afc2b07127fabb883bc31fb4c5,SBFL,SBKP,1683832808000,1683836260000
3cc9e445a9b7f8724609001925b4c383,SBPA,SBCT,1683828831000,1683831981000
ba0c2d90c352d866dc255e2f130c8228,SBRJ,SBCT,1683828701000,1683832871000
b2f85cd5e27850914d93d27275c3c83a,SBKP,SBCT,1683824817000,1683827508000
0dee3cf03180764fcd448ad0574792e9,SBBR,SBRJ,1683836088000,1683842309000
e05ce89b6bcd1b63d0ba5ace27c1ee58,SBBR,SBRJ,1683836088000,1683840763000
4c9d0e688c0f00256c33f991f5aaf750,SBKP,SBRJ,1683840219000,1683843181000
70f4e6cd4923e4cb140588a86e3457e9,SBSP,SBRJ,1683841168000,1683843541000
a966fe0541e8d4ce3bd393dde8b5f577,SBSP,SBRJ,1683841876000,1683844163000
19998e5d5669f813a8e5e8a26e6fdc91,SBBR,SBRJ,1683838945000,1683843743000
02160a2cf1398e19277200a4a5613063,SBGR,SBRJ,1683842090000,1683844290000
91f0915bae8def57fe9110b42aae8fbb,SBGR,SBFL,1683820601000,1683823872000
b57ae8a00e99c1dc2edc43b1f764f452,SBSV,SBBR,1683839451000,1683845045000
85d4cd168494fced83836788e46ec4fc,SBSP,SBBR,1683838925000,1683844192000
e9ad24493e336fe270d363a4071acb87,SBSV,SBSP,1683835896000,1683843916000
5acdbb39ef376d8dd3d23b1d07af645e,SBCF,SBSP,1683840320000,1683844049000
932d29097dfb3397c907324a1a134777,SBRJ,SBSP,1683841688000,1683844676000
210bc1a5a7bdfe28942ecfd746224de5,SBRF,SBSP,1683832644000,1683844337000
0ff759f1391e47f0990de43b727a0bdf,SBCF,SBSP,1683841234000,1683844799000
e8c7e4d4343689d41c576946d5246774,SBFL,SBSP,1683840923000,1683844193000
b4a2875bafa507ad24c0f0c3902ab7f2,SBRJ,SBSP,1683842380000,1683845148000
c1fd9a22f2cddd793b1dcc797525e9b1,SBBR,SBSP,1683840161000,1683844997000
893c9601e6c7d9ffa68bc818afafc623,SBFL,SBSP,1683842510000,1683845596000
521e5b71af312c8ac1fb8550c5480c5f,SBCT,SBSP,1683843669000,1683846030000
c51b0bfab822f4fb3e2dfbf05612be89,SBBR,SBCF,1683844644000,1683848123000
5b761008d8c32f4c516a3c725f31f49d,SBGR,SBCF,1683846073000,1683849082000
bdf64b08477a778bde96189a7df0a2cd,SBSP,SBCF,1683845674000,1683848796000
cc5caec7579fb8844f00d1b1f7afb678,SBRJ,SBCF,1683846249000,1683848955000
48c310c2a81b8442de58915df6a58bbf,SBKP,SBCF,1683846273000,1683849277000
5836a122797025900474594ecf9f2c7f,SBSP,SBRJ,1683845065000,1683847401000
1027a95ae04af0ee9aef3d6a3efecff9,SBCF,SBRJ,1683845793000,1683848135000
488efc22b126e97b3a9ea359e4c85491,SBCT,SBRJ,1683844425000,1683847921000
56e51c331c7e6ac84dde30410966aea8,SBRF,SBRJ,1683838997000,1683848806000
7529257b326818df70c55540124a8f0a,SBGR,SBRJ,1683846162000,1683848333000
e9937247d88d4a67dba0c9ecfbf491fc,SBSP,SBRJ,1683846608000,1683848973000
645a3db4eb40689820ee484d228ca36e,SBBR,SBRJ,1683843998000,1683848544000
3a6dd5dcb7c2072c149716a577a3c46a,SBCF,SBRJ,1683846058000,1683849124000
1fa84dcb9e72f78a6752ed8cc60156b9,SBSP,SBRJ,1683846968000,1683849292000
c7b0b1bc2186c4d9d4096da13b5890fb,SBSP,SBRJ,1683847553000,1683849586000
aae42c88ca0c2892eb8a38646def630b,SBPA,SBKP,1683838991000,1683843461000
5d1086a226c401e97800a0953025371b,SBCT,SBKP,1683841248000,1683844472000
2e3098d008eb11ad8dd353a62a8bf16d,SBRJ,SBKP,1683843928000,1683846994000
6a8875154267bd845e8f5de3f19a3af0,SBRJ,SBKP,1683843630000,1683846734000
a0e19dfe7f7a1f24b334abc4975bbe05,SBCF,SBKP,1683844161000,1683847178000
07d40fb62730ffabcbd33046d436313f,SBBR,SBKP,1683843147000,1683847601000
a3942a2798a12b66c0fa5c4543e172f0,SBCT,SBKP,1683846161000,1683848622000
28f86a48fbcd88efe01a1178f37e3e88,SBRF,SBKP,1683838283000,1683849046000
79f0f263f644af711086c15a2d1d2030,SBGR,SBGL,1683811232000,1683813334000
2f5cec8a37ecdbc5403c74fa05c65e23,SBGR,SBGL,1683768534000,1683770677000
1babcff6ad7c931b8ea281241eb924f7,SBGR,SBGL,1683769661000,1683771740000
a19fa98ecb6cf86beac53d05aa2b766e,SBGR,SBGL,1683772158000,1683774254000
fe1c6e7b30cefdbad883c71b74ba8f7a,SBKP,SBGL,1683772607000,1683775068000
7634d0bff3f9192da8ed67863b101dba,SBPA,SBGR,1683837304000,1683842275000
e05ce89b6bcd1b63d0ba5ace27c1ee58,SBBR,SBRJ,1683836088000,1683840763000
5b7186cb83a26505a1aac6b873f8021c,SBBR,SBGR,1683792817000,1683798290000
72f0c2a8c38053a8fd5298884e25974c,SBCF,SBGR,1683767596000,1683771015000
2507e40086d5befebdcaa2bdf8a88090,SBGR,SBRF,1683826310000,1683835059000
44525003470389c00dc0aa2bf6b3eff6,SBCT,SBGR,1683764615000,1683767417000
6124ad205a2886477d63ebba72548355,SBRF,SBGR,1683817978000,1683829276000
e17711a7f963c062a7281d207315427a,SBSP,SBSV,1683822405000,1683829362000
761bba5f2e1f112b89281cd4a1dbcf75,SBCT,SBGR,1683838751000,1683841655000
0fd31de2250525c0504c4c8509fe0aa2,SBCT,SBGR,1683807309000,1683810225000
18e002b03e9ea62db87b7ebc80596092,SBSP,SBRF,1683801648000,1683811004000
6dd49ac8605bfbe905e41aa11ec83c05,SBGL,SBRF,1683834318000,1683842678000
29ba7d38f5a559d9d508846e0c914f63,SBFL,SBGR,1683810555000,1683814098000
8d51f552084172a0a3ddb25e552f5a61,SBRJ,SBGR,1683828607000,1683831680000
543d9bd982944bc735f217095111432e,SBPA,SBGR,1683777250000,1683783251000
3d5432641dd8197a7b83cad989d6bc5e,SBCT,SBGR,1683795106000,1683798724000
ff4f8ccefb2a0fd1a333cff274cbba2d,SBSP,SBSV,1683807846000,1683814458000
432e9a112e531f61aad68c68545b86c6,SBCT,SBGR,1683810565000,1683812702000
e286b786a50139ab4f69848a22ab498d,SBSP,SBRF,1683821685000,1683830915000
a6885f4402f29938396c537d0f5cb358,SBBR,SBSV,1683819366000,1683825178000
abe2a3c118bdd5fd0a25054c2678c7df,SBCT,SBGR,1683844021000,1683847048000
b620cc0b850ed706414f07dd1d133d22,SBGR,SBRF,1683838547000,1683847395000
94ca336d3a28f1197b0c4d3ba8408241,SBRF,SBGR,1683806166000,1683816876000
df3387f5082684981f0adb034fdb2136,SBKP,SBRF,1683823454000,1683832470000
a11f8074c32bfc6eecdb10516ac39dfd,SBCF,SBSP,1683803564000,1683807323000
433f66ded93a28b2b04030f9c8a3cd27,SBRJ,SBSP,1683803946000,1683807074000
d1599eb4a1e92f567adb4398591f1c61,SBCT,SBSP,1683805518000,1683808140000
e58193daf36845129dc2cdc0b7bd58c2,SBPA,SBRJ,1683802626000,1683808115000
c8599255f8296904c9d6f2bb8fd18f21,SBCF,SBRJ,1683806099000,1683808895000
e708377b5ef906084e9ee60a0753b77f,SBCF,SBRJ,1683806421000,1683809076000
30bf5aaf24fd32b747ae9b6dc58eb771,SBKP,SBRJ,1683806613000,1683809347000
2c7c815f1098172ae9da1e82f5316b22,SBSP,SBRJ,1683807552000,1683810086000
be80e97078f7e1424c62f9b74e2a3ef0,SBCF,SBRJ,1683807019000,1683809918000
9f8aebbad58164f1841f2786b2fd150d,SBSP,SBRJ,1683808109000,1683810248000
164ecca40a55e6c7bee35048cbd7e1e4,SBGR,SBRJ,1683808197000,1683810474000
100043b6b43c75b9a509b56ff9fbbcb6,SBBR,SBRJ,1683806346000,1683811417000
62ccd72cacbb0b00888ad264e09c9234,SBBR,SBKP,1683806251000,1683810642000
5d7b1e1ac0259724c8cc810c697001ab,SBKP,SBRJ,1683811013000,1683813616000
ed36865e1b9fe83f287566eedad33ff1,SBCT,SBRJ,1683810218000,1683813876000
38d1d962b32dbcb4ef99c98931ae30ce,SBGR,SBRJ,1683811670000,1683814022000
532d4fcd02b329bc389d2ebff3d68355,SBSP,SBRJ,1683811595000,1683813770000
13b2be8828aa8cb6b2bbae2b294bd930,SBBR,SBRJ,1683809858000,1683814599000
0f7c99f17e41ca64fe942044dd7ceaae,SBSP,SBRJ,1683812860000,1683815295000
3e29c0d0c0644750db5ef29c630e43f8,SBSP,SBRJ,1683812681000,1683814974000
a4547166fed06932a7897239c5b0c189,SBPA,SBRJ,1683809881000,1683815467000
9b2ead9bd8a2c74976f7d862822a6178,SBRJ,SBKP,1683810972000,1683813981000
544e00872a1dfe7313c9400f0c686db9,SBRF,SBKP,1683804439000,1683814634000
0f001667ce49b17d8c20e08f2a19dd3c,SBBR,SBRJ,1683810952000,1683815809000
901aa4a5e6d8d8eb5456a732131a11c8,SBSP,SBRJ,1683813105000,1683815633000
57bc0fbed8e06cc2316b1ec119ffdfce,SBSP,SBRJ,1683814749000,1683817162000
d0c5ce4a38afb953d0ce2b0154a521e1,SBRF,SBRJ,1683807354000,1683816991000
be1186633b511edf81ea4aebc58dbfe1,SBBR,SBRJ,1683812505000,1683817356000
512d97b775858236298c0b1e0242ce24,SBCT,SBRJ,1683814189000,1683817562000
42b66c45ffe30c401fc9428c48190283,SBSP,SBRJ,1683815614000,1683817785000
687abe05b99785407dccf72490a7acf0,SBSV,SBSP,1683811253000,1683819762000
228909ce63b15cf220d34136d47cbcf4,SBCT,SBSP,1683816624000,1683819402000
97df0df5930bedaa6645effd41e5b10f,SBBR,SBSP,1683814562000,1683819515000
a146246bc65f1d717280b0a228011492,SBCT,SBSP,1683816972000,1683820018000
08185cf02b4c13a0a805b9e2ad06e2f1,SBPA,SBSP,1683815488000,1683820177000
b3988e977ba7cf6a89def2ffe4453812,SBFL,SBSP,1683817119000,1683820323000
46643c721af24dd6c24dbc5d201ca44e,SBSP,SBPA,1683815487000,1683820312000
8aa5715dc60ca3cbccc09cdba2da71b2,SBSP,SBPA,1683816273000,1683820866000
518a4672c68f0443c905fee39f37a92d,SBKP,SBPA,1683816240000,1683821108000
88f2d27ce9226db3921788a94cd0cedb,SBSP,SBPA,1683817356000,1683822085000
7d3cc2b8d871effc526fd4f67764c2de,SBCF,SBSP,1683818657000,1683822488000
5b3d78c128fb6676b8304a34fdcd808d,SBBR,SBSP,1683817689000,1683822324000
23a1cc16e26c3b6935deaabb5de56a10,SBRJ,SBSP,1683818761000,1683821880000
f8687ae4abde074e0538b464db75c911,SBPA,SBSP,1683818745000,1683823100000
38d561827a9d1de50fce0b5c4a6fcef8,SBCF,SBSP,1683819519000,1683823253000
3f457fa1bf521d5aa3745963bbe3e5d8,SBRJ,SBSP,1683820861000,1683823913000
6c49c0f76e1c51fb9bcdb51b87a0ddec,SBPA,SBSP,1683818426000,1683823588000
9255b5cf11bcde08557938bdc5975387,SBSV,SBRJ,1683817022000,1683824124000
74cc4c9102d2e0d94d32d777e1661f5c,SBSP,SBRJ,1683823025000,1683825137000
93cfa8ab2d2d1b836fd7af6556bf957d,SBPA,SBRJ,1683819937000,1683825667000
3dbc3571ed3e7a84baf2f6fa87d8da94,SBBR,SBRJ,1683821497000,1683826100000
b0f95a31cf9aae9edb1b386081a820c6,SBGR,SBPA,1683819062000,1683824032000
70eec548bcad75de602a4f0316b6255c,SBRJ,SBPA,1683817632000,1683824182000
d473043f72b326dbf9bc351de52d0231,SBSP,SBPA,1683821216000,1683825981000
b04a837dfda987df26faf6fe379fb88a,SBRJ,SBPA,1683820268000,1683826655000
c760b51e8c1fc9dc81e22ae681d0933c,SBFL,SBSP,1683820953000,1683824490000
3c8643367a0180923b224ba0e7b9b94e,SBSV,SBSP,1683816126000,1683824189000
b021a9f2c4fc50fe7802c4251817891f,SBSV,SBSP,1683815970000,1683824608000
837f2232024cdd511636714717d786a1,SBSP,SBRJ,1683825546000,1683827756000
18fb5d4f4b170b3f640504148da1fea9,SBKP,SBRJ,1683825765000,1683828517000
ded158b9ec010ed22c530cf7ad831fe9,SBSP,SBRJ,1683825699000,1683828082000
fd6f1022453df587bda71cc6358ba6d4,SBFL,SBRJ,1683825187000,1683829128000
810df95e6bf4a0afa0708887003d8a7f,SBSP,SBFL,1683823981000,1683826934000
8cb53847066c463827f27235db61542d,SBSP,SBPA,1683823660000,1683828316000
e971500a0e607e0941cdba2be6bea1e6,SBKP,SBPA,1683823743000,1683828550000
5af21a2e29194bf4015378a15dffc048,SBGL,SBKP,1683830191000,1683833761000
c00a2eff7b342638b78638b9b4d98f1b,SBSV,SBKP,1683825892000,1683834068000
7c186b3bbcf1c61c5960c8063812f4f4,SBRF,SBSP,1683821212000,1683832919000
6938a46d669650c0c89a2999d225ae6d,SBRJ,SBSP,1683830197000,1683833078000
7a0f2dc3716a638e237c7ee40582d225,SBCF,SBSP,1683829832000,1683833602000
b0522c86271b808cc5f871c0b9e4d82d,SBFL,SBSP,1683830414000,1683833431000
18b9177ce2d7c64620753f80a5b61207,SBRJ,SBSP,1683831422000,1683834461000
d45e49f45c49c43bb999b2ec44a7ecb9,SBSP,SBBR,1683831325000,1683836515000
a5815868b124ff507ca8c8448bec4fdd,SBSP,SBBR,1683830773000,1683836297000
1e53fcc6717fb58b89886847bd74a9df,SBBR,SBRJ,1683830020000,1683835105000
38f599c56594b0054809a12ec21a292a,SBSP,SBRJ,1683833362000,1683835639000
d0522776bc964c6c3f1821876b35fbfa,SBCF,SBRJ,1683833416000,1683836063000
106474d25c47c47853d1cf5efa4c3fb9,SBCT,SBSP,1683833287000,1683836586000
059c73d69f48b31e785d58995864bd61,SBSV,SBSP,1683828258000,1683836404000
9c4ce7b5c100b1e76bddc3918a96a8c1,SBPA,SBSP,1683831799000,1683837128000
3ddc78a1c78f378920319245e2721402,SBRJ,SBSP,1683833351000,1683836858000
e81de6d33dafb0cf14b001bf5b7e2282,SBBR,SBSP,1683831929000,1683837232000
8254b0b74d9cbc1f27745d0fe13bb656,SBBR,SBSP,1683832730000,1683838087000
ffdb6584b0394faee53ea19291e772ba,SBPA,SBSP,1683832850000,1683837965000
9e1e7bebea4a313d594476a50b99f740,SBRJ,SBSP,1683835200000,1683838576000
844173c565d9c1620c2572d8f404c13e,SBGR,SBPA,1683835072000,1683840027000
0ea219216df24900ea83e2fa39151f66,SBGR,SBPA,1683836555000,1683841539000
2e55f4b7d11f2c811881af55c2ab03af,SBSP,SBFL,1683834346000,1683837661000
3360e19e5de982dccc68dc09a5795e9c,SBFL,SBGR,1683827214000,1683830647000
3d08a46e9e46eda2419999fd5f4fae1e,SBSP,SBSV,1683830359000,1683837335000
05a610df7c47f8f39a7a5db702a08a69,SBSP,SBRF,1683766064000,1683775402000
3eb16c68d54cffef6ca6adf66e9dc45a,SBGL,SBRF,1683802903000,1683811313000
37bd2a9b145bcf1b6893889e0ef84b85,SBCF,SBRF,1683806251000,1683813835000
b8cc3450b4c3e48ff6f2130b9fe955a5,SBSP,SBSV,1683818775000,1683826077000
2c671a7ad4630f634f6343e214ac5978,SBGL,SBGR,1683812540000,1683815261000
9da67a035be9e49d76c20e9e06d93b34,SBGR,SBRF,1683770485000,1683779793000
44e0e93f75c81a5733320dfb449fb611,SBCF,SBSV,1683820056000,1683825332000
5bd6021213b62b63a312d832e804b923,SBBR,SBSV,1683808103000,1683813418000
52ee8dad1886db868bded0aacacfbbcf,SBRJ,SBSV,1683807598000,1683813733000
e61c4ca77999c3b29c40d954f9328ab3,SBRF,SBGR,1683834397000,1683844649000
5516fd57f029dd8bd8742f36925a45d5,SBPA,SBGR,1683820069000,1683824874000
dea520bbefd602cdab762a50a77faa65,SBGR,SBGL,1683808374000,1683810512000
d183a9e0b27bf10d04fbc6a6208f4fe6,SBSV,SBSP,1683835771000,1683844486000
395c748a2707343797cc847af87ddd33,SBPA,SBGR,1683827925000,1683833216000
81ff3969a9b7a443480a17becc9d66d5,SBRJ,SBGR,1683818213000,1683821153000
c2210d58ac133cd0bef30b097f56b6d5,SBPA,SBGR,1683795586000,1683800360000
a771f6e38a4013972ab704c8307b9715,SBCT,SBGR,1683793151000,1683795733000
4bc070cf4b924cee6887101db94f7b58,SBSP,SBSV,1683813225000,1683820015000
6a087b19e39e0438ae14510da271729a,SBRJ,SBSV,1683797156000,1683803034000
a2fec7f48b8d5ddb1e473a6b949a3c66,SBCF,SBGR,1683809832000,1683813092000
517c1b96d0e2b1fc1992c53540b33453,SBSP,SBRF,1683804516000,1683814027000
f5b69dbc7269e9b6ec3fe38e902ed3d2,SBPA,SBGR,1683841861000,1683847304000
f04e68d1a535ff1853c53fad4720ef67,SBBR,SBGR,1683798040000,1683803090000
85f8c0be96df41460cef6c583dece41f,SBGR,SBRF,1683819777000,1683828909000
93802db10189f12e419e505cb3bff33c,SBSV,SBRF,1683835155000,1683838867000
4b53f0c2b7aa457b2b7922a6a3b99300,SBGL,SBGR,1683806544000,1683809247000
23729c2127dd0ca4a39404255f6224d8,SBCF,SBSV,1683816988000,1683822001000
2bb445980298ea21aee15e66813846bb,SBSV,SBGR,1683823208000,1683832167000
4834ce1968d77e6ccea0d4b9f79df85b,SBKP,SBSV,1683834491000,1683841022000
5f9b444570dea7db4a0c9d6655194fe5,SBCT,SBGR,1683763419000,1683767129000
1b749573e00e7b2eb672d2e9be92c032,SBSP,SBRF,1683840062000,1683849175000
403e4b33c870d0573ee5b2a4d27d9676,SBGR,SBSV,1683773910000,1683781056000
b574697f5341ee619e1dc25952402649,SBCT,SBKP,1683817677000,1683819760000
622c440dc141e90fec43f701f497319c,SBSP,SBSV,1683766209000,1683774413000
3b65c5bfc18e12a3c2b96e6024222ccc,SBGR,SBSV,1683838475000,1683844650000
fce3e13c91f385fd02792b702b255213,SBSP,SBSV,1683802732000,1683809648000
0abe2deecb17ea8172e295282d10b7a8,SBGL,SBGR,1683840714000,1683843523000
353a8d6a0c84922e7fbc90cb7636f192,SBCT,SBGR,1683795887000,1683799141000
0b3d50ef1f83c2743219a055c1fa3c2b,SBBR,SBGR,1683820303000,1683824995000
fe7007b36f7a89ee7d8aaddde2c4c622,SBRF,SBGR,1683763449000,1683774113000
734570015eb789a9d145948279fd4bea,SBPA,SBGR,1683811688000,1683816664000
18a5e7898c4d8f4dbc4e0d3b246f29b3,SBBR,SBGR,1683797746000,1683802654000
be5a8db93e627cf45e953404938b322c,SBCT,SBGR,1683828246000,1683831004000
c68ff9197ef3f1f50163bbdd8f2c6f57,SBCF,SBGR,1683805614000,1683808919000
1d64a640029f2e09385be22880cfc2ab,SBGR,SBRF,1683821564000,1683830548000
9a9f3b0f65c74b427a719d8f2a3c2582,SBCF,SBGR,1683766269000,1683769452000
a5da5498e163a5bf66cc8937584da4e9,SBCF,SBSV,1683804045000,1683808940000
f6c5847d9159d13b501fb10bc8b6044d,SBBR,SBSV,1683766640000,1683771892000
a6a667d97f408512148fe466617184d6,SBRF,SBGR,1683785657000,1683796485000
8f0c99d0f3d5fed3d4243a2d05076a01,SBBR,SBGR,1683838822000,1683843376000
ce4551945271dc82ddc3fee4126ceec1,SBGR,SBSV,1683801775000,1683808737000
c9c7a6b005a4371f5a8e120265f8be60,SBSV,SBRF,1683763721000,1683767426000
6335b72ee3108d12f9fa05af04875a17,SBRJ,SBGR,1683814271000,1683817117000
51ebfbd9f0a66106abe68093c1cfb3da,SBFL,SBGR,1683815815000,1683819267000
634bc2dbc021c0266b0257b3ddbbe27d,SBRJ,SBGR,1683827986000,1683830770000
9c69da865f1c31d9d5149cea82deb6e1,SBSP,SBRF,1683803564000,1683812967000
b3d8d88e183018bfa0bb2eee4c170052,SBBR,SBGR,1683807605000,1683812181000
921011a5b9d9754a52b409e3fcebddd7,SBRF,SBGR,1683830150000,1683841317000
03d2de54c777820db5655a326d14f948,SBCT,SBGR,1683835424000,1683837927000
191256d865a8f81e7768c07018e81c32,SBSP,SBSV,1683815804000,1683822772000
b43569c2443372855274a86de24d2bdf,SBRJ,SBGR,1683842573000,1683845545000
dbb73479737952e51158d44e7bbef971,SBSP,SBSV,1683796942000,1683803796000
3ebe1803edd5259c69f012c1b1f80aaf,SBPA,SBGR,1683811212000,1683816114000
817e6b4c7cd4c4d305c6427ca69e651c,SBRF,SBGR,1683783643000,1683794509000
80a2d5e3691921ad1212e6e093dd7438,SBGL,SBGR,1683814511000,1683817304000
263d4aa3a99eac7a035c976d639cc5fb,SBCT,SBGR,1683816822000,1683819387000
5516fd57f029dd8bd8742f36925a45d5,SBPA,SBGR,1683820069000,1683824874000
131bedba6242917332524f193ba31f73,SBRJ,SBGR,1683767271000,1683770142000
cc9cc91a7160f8939162484fef65c337,SBSP,SBCF,1683763388000,1683766438000
573bac31cf6d57370ec74d5a7d690433,SBSP,SBRJ,1683763536000,1683765762000
eb4a4b57abb4a5c19d4bdf7dac030435,SBGR,SBRJ,1683763664000,1683766159000
2ab04863ec8311b9a6117a220b367cde,SBSP,SBRJ,1683764074000,1683766385000
a563e8241b65ac12ad01c725b80d0465,SBSP,SBRJ,1683765161000,1683767425000
5060398f87d14c0460921f3b7274dbdc,SBCF,SBRJ,1683765374000,1683767995000
313a6764cf6fd6791712d0b53966007f,SBSP,SBPA,1683764644000,1683769499000
55beb50becb68a698978cdfb43aafd69,SBRJ,SBKP,1683765601000,1683769171000
8b15fc482d9e6ba31d60883cb29b434a,SBGL,SBKP,1683764126000,1683768983000
0a45d2940b1b5f0b5d046c42ce3f023d,SBSP,SBBR,1683763706000,1683768840000
5d49512a1eca4d82515c2905cd79d53e,SBSP,SBBR,1683764834000,1683769818000
8d2a410c7d5ef44ac6d04519acdf49ae,SBGR,SBBR,1683766114000,1683771149000
4dcd26f9d899fd5cd62c011753b639bc,SBRJ,SBCF,1683766094000,1683768739000
7ac38cea569eb628ab58bc4060db5657,SBKP,SBCF,1683766208000,1683769089000
e70b194a5430c32b8431dd169f321b7a,SBBR,SBCF,1683766151000,1683769326000
75dc331ad45ec03832d8580e2234eb3d,SBGR,SBCF,1683768473000,1683771131000
365839f852db1bedc418aa57dcd05583,SBGR,SBCF,1683769498000,1683772240000
c7c5c3497964ec4e6ac756a51677ba99,SBKP,SBPA,1683766310000,1683771427000
883565d4dc8f210ab950b1e0c9a35a8e,SBSP,SBPA,1683767418000,1683772406000
cf24ca8f59bd53fc693a087a91acbb61,SBGR,SBPA,1683766369000,1683771642000
81c6752c411a5fc2d6d72aaa6490dde2,SBGR,SBPA,1683767609000,1683772629000
6a1ec50eaf8740ad77c3b39d8edfc9fa,SBBR,SBPA,1683765090000,1683773628000
2c286b03ae641ee14b5de545ba97d5f0,SBSP,SBPA,1683767966000,1683772861000
6080ffaf6463e72697585f4a0570a854,SBRJ,SBPA,1683767056000,1683773812000
f7c56ad3f6f730d76c70d451a0c5d1b3,SBRJ,SBPA,1683767525000,1683774215000
462a4eba1a64ae0a6bea009cc60aa5ef,SBRJ,SBPA,1683768351000,1683774943000
6698eca9c598bac87f9c4c210d14d007,SBKP,SBPA,1683770578000,1683775593000
416afc5b42cfd2012080e57e68242b68,SBGR,SBPA,1683770705000,1683775895000
16ac2fe203baf13a250d2d1cdcdbf967,SBCF,SBPA,1683768881000,1683776349000
a6b7caa2dddc7b49e16d48ac0dd82d99,SBRF,SBCF,1683784359000,1683792579000
